,index,Unnamed: 0,Unnamed: 0.1,japanese,english,english_ipa
0,0,0,0,こぶへい,PURPLE HAZE,pɜːpl heɪz
1,1,1,1,わしゃやめられん ,WATCH THE YOUNG MAN RUNNIN',wɒʧ ðə jʌŋ mæn rʌnɪn
2,2,2,2,あーすいません,I        SEE MYSELF,aɪ siː maɪsɛlf
3,3,3,3,とまりがはっせんえん,SOMEBODY IN THE HOUSE SAY YEAH,sʌmbədi ɪn ðə haʊs seɪ jeə
4,4,4,4,ばかだもん,BARK AT THE MOON,bɑːk æt ðə muːn
5,7,7,7,のものものものものものものも,NO MORE NO MORE NO MORE NO MORE NO MORE NO MORE NO MORE,nəʊ mɔː nəʊ mɔː nəʊ mɔː nəʊ mɔː nəʊ mɔː nəʊ mɔː nəʊ mɔː
6,8,8,9,ぎろっぽんひろおなぎろっぽんひろおな,"GET UP, GET ON UP GET UP, GET ON UP","gɛt ʌp, gɛt ɒn ʌp gɛt ʌp, gɛt ɒn ʌp"
7,10,10,11,ゔぃとん の ばっぐ ゔぃとん の ばっぐ ゔぃとん の ばっぐ ,BEAT ON THE BRAT BEAT ON THE BRAT BEAT ON THE BRAT,biːt ɒn ðə bræt biːt ɒn ðə bræt biːt ɒn ðə bræt
8,12,12,14,ほらすてきなねえちゃんだやらせろー,OR A SPECK AN ANGEL'S DUST AND LUST TO LUST,ɔːr ə spɛk ən eɪnʤəlz dʌst ænd lʌst tuː lʌst
9,13,13,15,つるべつるべつるべ ,LITTLE BIT. LITTLE BIT. LITTLE BIT.,lɪtl bɪt. lɪtl bɪt. lɪtl bɪt.
10,14,14,16,こうもんこうもんこうもんこうもん,COME ON,kʌm ɒn
11,15,15,17,しゃりしゃりしゃりだ,SHOUT IT SHOUT IT SHOUT IT OUT,ʃaʊt ɪt ʃaʊt ɪt ʃaʊt ɪt aʊt
12,16,16,18,ひかるいっぺい,GOT        IT BED ,gɒt ɪt bɛd 
13,17,17,19,いいなさいじゅでぃおんぐもっといっていいよ,YEAH LET'S PLAY CARRY ON WHAT'S THE DEAL,jeə lɛts pleɪ kæri ɒn wɒts ðə diːl
14,18,18,20,おおたけはらたつだれだって,OH TAKE IT BITE THE DUST BITE THE DUST YEAH,əʊ teɪk ɪt baɪt ðə dʌst baɪt ðə dʌst jeə
15,20,20,22,うしろのしょうめんたもり,PUSHING AND SHOVING WANT NO LIP,pʊʃɪŋ ænd ʃʌvɪŋ wɒnt nəʊ lɪp
16,21,21,23,だれのらくがきこまるぜ,THERE AIN'T NO DOCTOR THAT CAN CURE MY        DISEASE,ðeər eɪnt nəʊ dɒktə ðæt kæn kjʊə maɪ dɪziːz
17,22,22,24,くせーくせーくせーくせーくせーくせーくせーくせーくせーどあのまえやっぱくせーよべんじょ,"SAD SAD SAD,SAD SAD SAD,SAD SAD SAD,BUT        YOU'RE GONNA BE FINE THE ELEPHANT'S IN THE BEDROOM","sæd sæd sæd,sæd sæd sæd,sæd sæd sæd,bʌt jʊə gənə biː faɪn ði ɛlɪfənts ɪn ðə bɛdru(ː)m"
18,23,23,25,はよきにゅうせい,HOW        CAN YOU SAY,haʊ kæn juː seɪ
19,24,24,26,しょんべんおわったあははは,JOY BANG ONE TIME,ʤɔɪ bæŋ wʌn taɪm
20,25,25,27,あおもりけん,I KNOW WE CAN,aɪ nəʊ wiː kæn
21,26,26,29,がんばれたぶち,GUNPOWDER GELATINE,gʌnˌpaʊdə ˌʤɛlətiːn
22,27,27,30,くじゅうくりはまにいこうぜぃ,COULD YOU COME ANY CLOSER,kʊd juː kʌm ɛni kləʊsə
23,28,28,31,ちよだせいめいにいこう,TILL        THE SANDMAN HE COMES,tɪl ðə sændmæn hiː kʌmz
24,29,29,32,つちひばーげんせーるぜんぶうるぜすてねでいい,DROWNING DEEP DEPRIVE THEMSELVES DAMNED TO LOSE THEIR SANITY,draʊnɪŋ diːp dɪpraɪv ðəmsɛlvz dæmd tuː luːz ðeə sænɪti
25,30,30,33,このやろーくすぐってぇー,COME ON NOW LOVE DON'T        YOU LOOK BACK,kʌm ɒn naʊ lʌv dəʊnt juː lʊk bæk
26,31,31,34,ろーとせいやくろーとせいやく,LOVE FOR SALE LOVE FOR SALE,lʌv fɔː seɪl lʌv fɔː seɪl
27,33,33,36,まちがえた,DID YOU GET THAT,dɪd juː gɛt ðæt
28,34,34,37,おうむとばりかん,ON        WITH THE BODY COUNT,ɒn wɪð ðə bɒdi kaʊnt
29,35,35,38,けったのねかもね,GET        DOWN ON IT COME ON AND,gɛt daʊn ɒn ɪt kʌm ɒn ænd
30,36,36,39,めざしやのおんなとはだかでぐしょんぐしょん,THERE'S        A SHADOW ON THE DOOR OF COTTAGE ON THE SHORE,ðeəz ə ʃædəʊ ɒn ðə dɔːr ɒv kɒtɪʤ ɒn ðə ʃɔː
31,37,37,40,いっちょうめでいいぜ,YA        DON'T MAKE IT EASY,jə dəʊnt meɪk ɪt iːzi
32,38,38,41,えつこのぼにゅうだ,IT'S        GONNA BRING YOU DOWN,ɪts gənə brɪŋ juː daʊn
33,40,40,43,わらっちゃったな ,WAS THAT JUST A LIE,wɒz ðæt ʤʌst ə laɪ
34,41,41,44,らいねんまたあうぞ,NINE        AND ONE THOUSAND,naɪn ænd wʌn θaʊzənd
35,42,42,45,あそぶでぶ,I SAW THE DEVIL,aɪ sɔː ðə dɛvl
36,44,44,47,このたねいいすからへいらっしゃい,WOMAN' IN THE EAST WITH HER HEADLIGHT SHININ',wʊmən ɪn ði iːst wɪð hɜː hɛdlaɪt ʃaɪnɪn
37,46,46,49,がんばるわいわらんわいべらんめえー,GOTTA        FIND A WAY TO FIND A WAY WHEN I'M THERE,gɒtə faɪnd ə weɪ tuː faɪnd ə weɪ wɛn aɪm ðeə
38,47,47,50,あほってすてきね,OUT IN THE STICKINESS,aʊt ɪn ðə stɪkɪnəs
39,48,48,51,おはようございやす,I        ALWAYS ASK,aɪ ɔːlweɪz ɑːsk
40,49,49,52,たかすくりにっく,DON'T SUCK IT SECRET,dəʊnt sʌk ɪt siːkrɪt
41,50,50,53,まったり,MACK DADDY,mæk dædi
42,51,51,54,ありならんでる,I NEED A RENDEZVOUS,aɪ niːd ə rɒndɪvuː
43,52,52,55,おいしゃさんおいしゃさんうちのこみてくれ ,WATCH THAT SIDE WATCH THAT SIDE EVERYTHING GONNA BE DEAD AND BRIGHT,wɒʧ ðæt saɪd wɒʧ ðæt saɪd ɛvrɪθɪŋ gənə biː dɛd ænd braɪt
44,53,53,56,のむらよっちゃん,NO MORE OF YOUR DARK,nəʊ mɔːr ɒv jɔː dɑːk
45,54,54,57,ふるちんでどうもすいません,ROUTINE DAYS ALL SEEM THE SAME,ruːtiːn deɪz ɔːl siːm ðə seɪm
46,55,55,58,きゃべつだいきらい,CAPITAL        RADIO ONE,kæpɪtl reɪdɪəʊ wʌn
47,56,56,59,けがたっちゃう ,CAN        I TOUCH YOU,kæn aɪ tʌʧ juː
48,58,58,61,しんじゃったしんじゃった,SHE'S JUST A  SHE'S JUST A,ʃiːz ʤʌst ə ʃiːz ʤʌst eɪ
49,60,60,63,あんたらはちがうあんたらはちがう,I DUNNO WHAT SHE GOT,aɪ dənəʊ wɒt ʃiː gɒt
50,62,62,65,のうきょうぎゅうにゅう,DON'T STOP DANCIN',dəʊnt stɒp dɑːnsɪn
51,63,63,66,そうどろぼう,SO ADORABLE,səʊ ədɔːrəbl
52,64,64,67,ふざけるなばかだるーふざけるなばかだるー,WHO'S THAT KID IN THE BACK OF THE ROOM,huːz ðæt kɪd ɪn ðə bæk ɒv ðə ruːm
53,66,66,69,うっちがぶーっあいたーっ,BURNS IN MY VEINS ANGER,bɜːnz ɪn maɪ veɪnz æŋgə
54,67,67,70,さんじゅっさいががなんぼだというねや,FINALLY DECIDED WHAT I WANT TO DO NOW,faɪnəli dɪsaɪdɪd wɒt aɪ wɒnt tuː duː naʊ
55,68,68,71,すぐひっこむの,FEEL THE HEART COMIN' ON,fiːl ðə hɑːt kʌmɪn ɒn
56,69,69,72,ないとうちん,LIKE THE TEARS,laɪk ðə teəz
57,70,70,73,あっいかんしょうゆは,I        CAN SHOW YOU THE WORLD,aɪ kæn ʃəʊ juː ðə wɜːld
58,71,71,74,おなかがあいたよまま,ALL I GOTTA SAY TO        YOU WOMAN,ɔːl aɪ gɒtə seɪ tuː juː wʊmən
59,72,72,75,おっぱいぽろりん,A FIGHT FOR LOVE AND,ə faɪt fɔː lʌv ænd
60,73,73,76,そんなにつっちゃだめ,SOMEBODY        TOOK OUR GOD AWAY ,sʌmbədi tʊk aʊə gɒd əweɪ 
61,74,74,77,ばあさんからぶり,WALLS        ARE GONNA BREAK,wɔːlz ɑː gənə breɪk
62,75,75,79,いゃんなってくるぜまったく,DAMN.        THAT FOOD SMELLS GOOD,dæm.        ðæt fuːd smɛlz gʊd
63,77,77,81,おーぱつきんばかり,BUCKSKIN' BUCCANEER,bʌkskɪn ˌbʌkənɪə
64,78,78,82,さなだむし,SON        OF A BITCH,sʌn ɒv ə bɪʧ
65,80,80,84,おやすいです,OH.        YES IT IS,əʊ.        jɛs ɪt ɪz
66,81,81,85,あがちょーん,I GOT YOUR,aɪ gɒt jɔː
67,82,82,86,すっげーせまいへや,SUITCASE IN MY HAND,sjuːtkeɪs ɪn maɪ hænd
68,83,83,87,ごいんきょ,WAKE UP ,weɪk ʌp 
69,84,84,88,ほぅそうですねぃへへへっ,HOLE SO TO SPEAK,həʊl səʊ tuː spiːk
70,85,85,89,あぁにしにほん,"OH, HERE SHE COMES","əʊ, hɪə ʃiː kʌmz"
71,86,86,90,あまえてましぇーん,I'M        NOT TAKIN' A SHIT,aɪm nɒt teɪkɪn ə ʃɪt
72,88,88,92,おまえもしょせんでぶさ,ALL MY EMOTIONS HIDDEN DEEP INSIDE,ɔːl maɪ ɪməʊʃənz hɪdn diːp ɪnsaɪd
73,89,89,93,ごめんごめんなーいいえー,"COME IN COME IN A, YEAH","kʌm ɪn kʌm ɪn eɪ, jeə"
74,90,90,94,おーわかったわかった,WOW. I GOT GOT,waʊ. aɪ gɒt gɒt
75,91,91,95,うぃーっす,YES,jɛs
76,92,92,96,あーべんとうほんとうなんですすこしののりのおおきさですほうれんそういかとなっとうそうめんやーべぇー,HOLD THE PICKLES        HOLD THE LETTUCE SPECIAL ORDERS DON'T UPSET US ALL WE ASK        IS THAT YOU LET US SERVE IT YOUR WAY,həʊld ðə pɪklz həʊld ðə lɛtɪs spɛʃəl ɔːdəz dəʊnt ʌpsɛt juːɛs ɔːl wiː ɑːsk ɪz ðæt juː lɛt juːɛs sɜːv ɪt jɔː weɪ
77,93,93,97,すいません,SING MY SELF,sɪŋ maɪ sɛlf
78,94,94,98,らりってきた ,LIE DETECTOR,laɪ dɪtɛktə
79,96,96,100,きしょうきしょうきしょう,SHOCK,ʃɒk
80,97,97,101,ここよけっきょくここよ,COO COO U I THINK YOU'RE COO COO U,kuː kuː juː aɪ θɪŋk jʊə kuː kuː juː
81,98,98,102,ちんぽまっくろでしょう,SHE        PUT         MY COOL IN SHOCK,ʃiː pʊt maɪ kuːl ɪn ʃɒk
82,100,100,104,うわぁーせいびょうー,AH SAVIOR,ɑː seɪvjə
83,101,101,105,ろっこつぽきりつうーいろっこつぽきりつうーい,LOOK        WHAT YOU FUCKING DID,lʊk wɒt juː fʌkɪŋ dɪd
84,102,102,106,すなもれた,SOONER OR LATER,suːnər ɔː leɪtə
85,103,103,107,あっにゅうりんきょにゅうっすね ,UNYIELDING        CONDITIONING,ʌnjiːldɪŋ kəndɪʃnɪŋ
86,105,105,109,いっさいですたい,INSIDE THE STATE,ɪnsaɪd ðə steɪt
87,107,107,111,ねげろ,THINK IT OVER,θɪŋk ɪt əʊvə
88,108,108,112,おぉすげぇー ,OH SUCK IT,əʊ sʌk ɪt
89,109,109,113,りぽびたん,LOOK WHAT WE'VE DONE,lʊk wɒt wiːv dʌn
90,110,110,114,たけししゃがまない,"TALK IS CHEAP, SHUT UP AND DANCE","tɔːk ɪz ʧiːp, ʃʌt ʌp ænd dɑːns"
91,111,111,115,よしださんかんしゃにくる ,YOU'LL        SEE THE SUN COME SHINNING THROUGH,juːl siː ðə sʌn kʌm ʃɪnɪŋ θruː
92,114,114,118,なにをおすとでるー ,I'M NOT YOURS FOR        BETTER,aɪm nɒt jɔːz fɔː bɛtə
93,115,115,119,ないりんさ,NOW HEAR THIS,naʊ hɪə ðɪs
94,116,116,120,いっせーのでわらわす,HE SAVE EVERYONE OF US,hiː seɪv ɛvrɪwʌn ɒv juːɛs
95,117,117,121,かさないいいじゃない,CAUSE TONIGHT IS THE NIGHT,kɔːz tənaɪt ɪz ðə naɪt
96,118,118,122,はぬくぞ,HIGH NOTE        CAUSE',haɪ nəʊt kɔːz
97,120,120,124,でっけーなー ,THEY        CAN NOT,ðeɪ kæn nɒt
98,121,121,125,あせくせー,OF SUCCESS,ɒv səksɛs
99,122,122,126,たんすにごん,DANCE        ME. GO,dɑːns miː. gəʊ
100,123,123,127,みんなでいっしょに ,AIN'T        THAT A SHAME,eɪnt ðæt ə ʃeɪm
101,124,124,128,みせて,IS A        DAY,ɪz ə deɪ
102,125,125,129,まんげもうすげーな,MIND        GAMES TOGETHER,maɪnd geɪmz təgɛðə
103,126,126,130,とかちゃーん,TORMENTOR,tɔːmɛntə
104,127,127,131,わかってるいてっわかってるいてっわかってるよー,WELCOME TO YOUR DEATH,wɛlkəm tuː jɔː dɛθ
105,128,128,132,こざかしいったいどとるからねっ,CORPSE        YET CONCEIVED TIGHTEN. THE TOURNIQUET AROUND YOUR NECK,kɔːps jɛt kənsiːvd taɪtn. ðə tʊənɪkeɪ əraʊnd jɔː nɛk
106,130,130,134,こどものおしっこ,GOT A MOTORCYCLE,gɒt ə məʊtəsaɪkl
107,133,133,138,ガチャピンですか ,BUT GOD'S UP IN THE        SKY,bʌt gɒdz ʌp ɪn ðə skaɪ
108,134,134,139,すーぴんふりてん,SIMPLY PRETEND,sɪmpli prɪtɛnd
109,135,135,140,おじょうさんながいじんせいふみいそぐなっぺ,OR JUST SOME MAGAZINE SAY. COULD BE IT'S SOME LOST FRIEND,ɔː ʤʌst sʌm ˌmægəziːn seɪ. kʊd biː ɪts sʌm lɒst frɛnd
110,137,137,142,ねぇせんせいえんかっぽい,UNNECESSARY        INCOMPLETE,ʌnnɛsɪsəri ˌɪnkəmpliːt
111,138,138,143,こうずいだー ,ECHOES IN THE,ɛkəʊz ɪn ðiː
112,139,139,144,あのときなめればよかった ,LOOKED        UP YOUR NUMBER IN MY ADDRESS PAD,lʊkt ʌp jɔː nʌmbər ɪn maɪ ədrɛs pæd
113,141,141,146,ちんこだせ,CHIN COULDA SING,ʧɪn kʊdə sɪŋ
114,144,144,149,たのしいなつりそっちきんし,THE        MACHINE OF A DREAM. SUCH A CLEAN MACHINE,ðə məʃiːn ɒv ə driːm. sʌʧ ə kliːn məʃiːn
115,145,145,150,ずらはずそう,DO        THE HUSTLE,duː ðə hʌsl
116,149,149,154,べっぴんさんちょっとえっち,FEND        FOR YOURSELF. AND SHUN THE HANDSHAKE,fɛnd fɔː jɔːsɛlf. ænd ʃʌn ðə hændʃeɪk
117,150,150,155,そーいやーばあちゃんようつうでしょー,"SO YOUNG,THAT YOUNG YOUR TRUE THE SHARE","səʊ jʌŋ,ðæt jʌŋ jɔː truː ðə ʃeə"
118,151,151,156,ちくびあんたまっくろ,SHE COULD BE ANOTHER CRONE,ʃiː kʊd biː ənʌðə krəʊn
119,152,152,157,こもちでしょこもちでしょ,COME        AND SEE THE SHOW,kʌm ænd siː ðə ʃəʊ
120,153,153,158,やめてえや,LET ME TELL YA,lɛt miː tɛl jə
121,154,154,159,あそこきもちいいがまんするもうだめ,I WOKE UP.         CAN'T WAIT TO EAT. GOT MY CEREAL.         BOYS WAS I BEAT,aɪ wəʊk ʌp.         kɑːnt weɪt tuː iːt. gɒt maɪ sɪərɪəl.         bɔɪz wɒz aɪ biːt
122,155,155,160,すいません,"IT'D        SEEM TO SAY, YEAH","ɪtəd siːm tuː seɪ, jeə"
123,157,157,162,いぼじ,EVIL        DEED,iːvl diːd
124,158,158,163,あんまりやあんまりやあんまりや,AY MARIA. MARIA. MARIA,aɪ məriːə. məriːə. məriːə
125,160,160,165,すうぉっちか,SHE        WHATCHA GOT,ʃiː wɒʧə gɒt
126,163,163,168,あんたたのしそうね,AND        THE BALANCE DISTORTED,ænd ðə bæləns dɪstɔːtɪd
127,164,164,169,よしださーん,YOU'LL SEE THE SUN,juːl siː ðə sʌn
128,165,165,170,あなたのですか,IN        ADDITION,ɪn ədɪʃ(ə)n
129,166,166,171,れたす,RAPE US,reɪp juːɛs
130,167,167,172,どーもーどうぞいらっしゃい,NO MORE LIES AND DECEIT,nəʊ mɔː laɪz ænd dɪsiːt
131,169,169,174,ちょっとあんたなんだっぺな,TRY        TO HURT         ANOTHER BROTHER,traɪ tuː hɜːt ənʌðə brʌðə
132,170,170,175,ひみつ,KEEP REACHING,kiːp riːʧɪŋ
133,171,171,176,ゆうべちんぽかきすぎた,YOU        MAY ACHIEVE WHAT CAN'T BE         SIMPLY DONE,juː meɪ əʧiːv wɒt kɑːnt biː sɪmpli dʌn
134,173,173,178,あせがとびちる,SHE'S GOT HER TONGUE IN CHEEK,ʃiːz gɒt hɜː tʌŋ ɪn ʧiːk
135,174,174,179,わるよいするよ,WHILE THE NIGHT IS STILL YOUNG,waɪl ðə naɪt ɪz stɪl jʌŋ
136,175,175,180,ぴざたべたーい ,THESE        ARE         COPTIC TIMES,ðiːz ɑː kɒptɪk taɪmz
137,176,176,181,ひじょうにつかれた,HE'S        ONLY SKELETON,hiːz əʊnli skɛlɪtn
138,177,177,182,おなにーいけましぇん,ALL        I NEED GET MY SHARE,ɔːl aɪ niːd gɛt maɪ ʃeə
139,179,179,184,こんばんわーどーもー,COME        MY WAY. TERROR,kʌm maɪ weɪ. tɛrə
140,181,181,186,あんためちゃにあわんな,HAND'PON        MI JAW         MI A WONDER,HAND'PON miː ʤɔː miː ə wʌndə
141,183,183,188,よーしもういっけんいこう,ASK ME ANGEL,ɑːsk miː eɪnʤəl
142,184,184,189,いいわけするな,ERADICATION        OF EARTH'S,ɪˌrædɪkeɪʃən ɒv ɜːθs
143,185,185,190,おちんちん,ATTENTION,ətɛnʃ(ə)n
144,186,186,191,でーぶすぺくたーでーぶすぺくたーでーぶすぺくたー,NERVOUS        BREAKDOWN,nɜːvəs breɪkˌdaʊn
145,188,188,194,いえでしたい,IT        IS TIME,ɪt ɪz taɪm
146,190,190,196,とうちゃんにぶらんでー,TOTALLY        BLENDED,təʊtli blɛndɪd
147,192,192,198,あーめんどくさい,I        REMEMBER TIME,aɪ rɪmɛmbə taɪm
148,194,194,200,あそばないあそばない,I        SAW THE LIGHT,aɪ sɔː ðə laɪt
149,195,195,201,ちょうじゅあんのしょうゆ,TOLD        YOU. I MUST SHOW YOU,təʊld juː. aɪ mʌst ʃəʊ juː
150,196,196,202,あんぱんまんさ,ARE        BY MY SIDE,ɑː baɪ maɪ saɪd
151,197,197,203,だっちわいふなくなった,THAT'S RIGHT KNOCK'EM        DOWN,ðæts raɪt KNOCK'EM daʊn
152,198,198,204,つまんねぇしうれしくねぇし,TO        MAN BAY TO THE BEST WAY,tuː mæn beɪ tuː ðə bɛst weɪ
153,199,199,205,すもうかなぁ,SMOKING        THAT,sməʊkɪŋ ðæt
154,200,200,206,かみきっちゃおうかもう,COME        AND GET YOUR COME ON,kʌm ænd gɛt jɔː kʌm ɒn
155,201,201,207,おんていがどうもなっていうかー,DON'T        THINK I DON'T WANT TO DO IT GIRL,dəʊnt θɪŋk aɪ dəʊnt wɒnt tuː duː ɪt gɜːl
156,204,204,210,ねこふんじゃったなあ,NEIGHBORHOOD         CHECK YOUR MOP,neɪbəhʊd ʧɛk jɔː mɒp
157,205,205,211,いのうえがんばれ,IGNORANT        CORPORATIONS,ɪgnərənt ˌkɔːpəreɪʃənz
158,208,208,214,きをつけてだめだこりゃ,KIDS        GET DOWN UNDERGROUND,kɪdz gɛt daʊn ʌndəgraʊnd
159,209,209,215,いたくなーい,HE        CRIED FOR NIGHT,hiː kraɪd fɔː naɪt
160,210,210,216,おなぺっとおなぺっと,WANNA        BET,wɒnə bɛt
161,211,211,217,あーいーなきもちいい,I AIN'T ASKIN' MUCH OF YOU,aɪ eɪnt ɑːskɪn mʌʧ ɒv juː
162,212,212,218,しかもけちだ,SHE'S GONNA GET YA,ʃiːz gənə gɛt jə
163,213,213,219,くいてーてんぷらを,FREEZING                CAN'T MOVE AT ALL,friːzɪŋ kɑːnt muːv æt ɔːl
164,214,214,220,がんばろう,DOWN        BELOW,daʊn bɪləʊ
165,215,215,221,いっぺんにだーうそでしょー,IMPENDING        DOOM FROM SHORE TO SHORE,ɪmpɛndɪŋ duːm frɒm ʃɔː tuː ʃɔː
166,216,216,223,けんけつしてんかー,CAN'T GET THE STICK OFF,kɑːnt gɛt ðə stɪk ɒf
167,217,217,224,きみへそまっくろ,KEEP        YOUR HANDS ON MY GIRLS,kiːp jɔː hændz ɒn maɪ gɜːlz
168,220,220,227,がきのほうはでかい,BACK        IN THE WHERE THEY GOT,bæk ɪn ðə weə ðeɪ gɒt
169,223,223,231,あっせーらーむーんだ,I        SAID I WONDER,aɪ sɛd aɪ wʌndə
170,224,224,232,のっちのぐそ,THE        MELTING OF THE SOUL,ðə mɛltɪŋ ɒv ðə səʊl
171,226,226,234,いきのびたい,ACHING        ALL THE TIME,eɪkɪŋ ɔːl ðə taɪm
172,230,230,240,くらいどうてい,I CRIED ALL DAY,aɪ kraɪd ɔːl deɪ
173,231,231,241,おっさんおっさんおっさんかおっさんえーじぶんだとおもう,WHAT'S UP WHAT'S UP WHAT'S UP GIRL WHAT'S UP        CRAZY FOR         ANOTHER ONE,wɒts ʌp wɒts ʌp wɒts ʌp gɜːl wɒts ʌp kreɪzi fɔːr ənʌðə wʌn
174,232,232,242,こんどーむええなぁ,"COUNT DOWN,　BABY","kaʊnt daʊn,　beɪbi"
175,233,233,243,あしもとがやっぱりやばめでこけそうだ,HOW SHE MOVES UP HER HIP        AND GO STRAIGHT TO SHOULDER,haʊ ʃiː muːvz ʌp hɜː hɪp ænd gəʊ streɪt tuː ʃəʊldə
176,234,234,244,かなしいなぁ,COMMISSIONER,kəmɪʃnə
177,235,235,245,めがみえない,MIRROR MIRROR,mɪrə mɪrə
178,236,236,246,そうろうだっちゅーの,SORROW         THAT YOU KNOW,sɒrəʊ ðæt juː nəʊ
179,237,237,247,だだだれから,THIS IS NOT A CURRENT,ðɪs ɪz nɒt ə kʌrənt
180,239,239,249,おしっこはまえもってすませ,"BULL SHIT WORK,        BODY FOR DESTRUCTION","bʊl ʃɪt wɜːk,        bɒdi fɔː dɪstrʌkʃən"
181,240,240,250,ぼんれすはむ,FROM THIS HOLLOW,frɒm ðɪs hɒləʊ
182,241,241,251,とうちゃんにおいぇなぁ,TORTURED STAND UP,tɔːʧəd stænd ʌp
183,242,242,252,ねばりけ,NEVER        DO AGAIN,nɛvə duː əgɛn
184,243,243,253,ほもばー,HUNG ABOUT,hʌŋ əbaʊt
185,245,245,255,いつまでねるかたもりさん,15 MILES AN HOUR CAUSE I'M        ALREADY STONED,15 maɪlz ən aʊə kɔːz aɪm ɔːlrɛdi stəʊnd
186,246,246,257,あたぶんういすきーじゃあありません,"A TIME RISQUE,A TART NO        SIR","ə taɪm rɪskeɪ,ə tɑːt nəʊ sɜː"
187,247,247,258,わたしゃつれない,WHAT A SATURDAY NIGHT,wɒt ə sætədeɪ naɪt
188,249,249,260,あせがでん,I SAID GOD DAMN,aɪ sɛd gɒd dæm
189,250,250,261,おきゃくさんへにおいで,I GET SO EXCITED,aɪ gɛt səʊ ɪksaɪtɪd
190,251,251,262,おっとはしんでるよ,BONE CRUSHING ALIEN,bəʊn krʌʃɪŋ eɪliən
191,252,252,263,こりゃちゅうじえんだ,ACCORDING TO DEMAND,əkɔːdɪŋ tuː dɪmɑːnd
192,253,253,264,いえかさんかい,"YEAH, CROSS ON FIRE","jeə, krɒs ɒn faɪə"
193,254,254,265,へんなかみのかみさーん,AND THE COTTON LORD COTTONS        HIGH,ænd ðə kɒtn lɔːd kɒtnz haɪ
194,255,255,266,なにやってもいっしょですってね,STANDING AT THE BRIDGE OF        DESTINY,stændɪŋ æt ðə brɪʤ ɒv dɛstɪni
195,256,256,267,あいしてんだろ,I STAND ALONE,aɪ stænd ələʊn
196,257,257,268,しんでしまいなさいそれではかんちょう,THIS IS MY DESIRE TALKING 'BOUT        CULTURE,ðɪs ɪz maɪ dɪzaɪə tɔːkɪŋ baʊt kʌlʧə
197,258,258,269,どうしたのうんこくさい,GO TAKE ON FOR GOD'S SAKE,gəʊ teɪk ɒn fɔː gɒdz seɪk
198,259,259,270,ばかじゃねえさーふぃんおもしろいかい,BAGGAGE AND IT'S ALL THE        EMOTIONAL KIND,bægɪʤ ænd ɪts ɔːl ði ɪməʊʃənl kaɪnd
199,260,260,271,へいさか,HEY SUCKER,heɪ sʌkə
200,262,262,273,これだろおくさん,CALL IT BAD LUCK UNCLE SAM,kɔːl ɪt bæd lʌk ʌŋkl sæm
201,263,263,274,おれまいおりがみ,OR AM I ORIGAMI,ɔːr æm aɪ ˌɒrɪgɑːmi
202,264,264,275,おーっどこつうぇんだぁ,OH　DON'T YOU KNOW,əʊ dəʊnt juː nəʊ
203,267,267,278,きつくふんじゃいたいいたいいたい,THE KIDS COULDN'T HURT JACK        THEY TRIED AND TRIED AND TRIED,ðə kɪdz kʊdnt hɜːt ʤæk ðeɪ traɪd ænd traɪd ænd traɪd
204,268,268,279,あーいたいはらいたい,NICE NICE I LIKE THAT,naɪs naɪs aɪ laɪk ðæt
205,270,270,281,なめていいぞおれのなら,ANOTHER DAY IS         OVER AND NIGHT HAS,ənʌðə deɪ ɪz əʊvər ænd naɪt hæz
206,272,272,283,ちくび,SHE COULD BE,ʃiː kʊd biː
207,273,273,284,ひさしぶりそいつはげいだなぁぶちょう,HE'D SLASH YOUR GRANNY'S        FACE UP GIVEN HALF A CHANCE,hiːd slæʃ jɔː græniz feɪs ʌp gɪvn hɑːf ə ʧɑːns
208,274,274,286,そりゃないな,S WHAT I KNOW,ɛs wɒt aɪ nəʊ
209,275,275,287,のりまーす,NO REMORSE,nəʊ rɪmɔːs
210,277,277,289,あほなほうにょうはん,I        WANNA         HOLD YOUR HAND,aɪ wɒnə həʊld jɔː hænd
211,278,278,290,あっかとちゃんすもうあせっちゃいや,I GOT        TO TRY SOME MORE I SAID TRY,aɪ gɒt tuː traɪ sʌm mɔːr aɪ sɛd traɪ
212,279,279,291,そうぶせんのれーる,SOUL FOR SALE OR RENT,səʊl fɔː seɪl ɔː rɛnt
213,280,280,292,あまめ,I'M A MAN,aɪm ə mæn
214,281,281,293,じいじいじいれじそこれじそこ,CHEER CHEER CHEER LET        YOURSELF GO LET YOURSELF GO,ʧɪə ʧɪə ʧɪə lɛt jɔːsɛlf gəʊ lɛt jɔːsɛlf gəʊ
215,282,282,294,いんきんでいんぽ,INK        IN THE INKPOT,ɪŋk ɪn ði ɪŋkpɒt
216,284,284,296,あのぅあのぅこしょう,I        KNOW I KNOW FOR SURE,aɪ nəʊ aɪ nəʊ fɔː ʃʊə
217,285,285,297,ちんちんあらえ,THING        THING ARISE,θɪŋ θɪŋ əraɪz
218,286,286,298,かつどんば,GOT        TO KNOW THE WOMAN,gɒt tuː nəʊ ðə wʊmən
219,287,287,299,きらーかーん,CAN ROCK ON,kæn rɒk ɒn
220,288,288,300,ひびやけだらけ,HERE WE ARE TOGETHER AGAIN,hɪə wiː ɑː təgɛðər əgɛn
221,289,289,301,おんしのすなっくこんぱ,WHAT YOU TO KNOW HE'S NOT        COME BACK,wɒt juː tuː nəʊ hiːz nɒt kʌm bæk
222,290,290,302,あしゆ,I        SEE YOU,aɪ siː juː
223,291,291,303,わわたなべさん,WHAT        TIME IS IT,wɒt taɪm ɪz ɪt
224,292,292,304,しゃどうはげのおどり,SHADOW        HANGING OVER ME,ʃædəʊ hæŋɪŋ əʊvə miː
225,293,293,305,うえからかいこです,WE'RE        GONNA PAY 4 THIS,wɪə gənə peɪ 4 ðɪs
226,294,294,306,おなってない,I'M        NOT THAT NAIVE,aɪm nɒt ðæt nɑːiːv
227,296,296,308,ぱいずりぱいずりぱいずりぱいずり,CRAZY,kreɪzi
228,299,299,311,あなたすりっぷしながらけいれい,ANOTHER        SLEEPLESS NIGHT I CAN'T EXPLAIN,ənʌðə sliːplɪs naɪt aɪ kɑːnt ɪkspleɪn
229,300,300,312,おっぱいびろーん,OF        BABYLON,ɒv bæbɪlən
230,301,301,313,はまっちまった,HOW        MUCH OF MY TIME,haʊ mʌʧ ɒv maɪ taɪm
231,303,303,315,そうまちゃみそうまちゃみ,SO        MUCH IN ME SO MUCH IN ME,səʊ mʌʧ ɪn miː səʊ mʌʧ ɪn miː
232,305,305,317,へこんだぺー,PICK        UP THE PACE HERE COME        THE PAIN,pɪk ʌp ðə peɪs hɪə kʌm ðə peɪn
233,306,306,318,おちんちんふりあにきひっぱるね,WHAT        SETS YOU FREE I NEED YOU HERE BY ME,wɒt sɛts juː friː aɪ niːd juː hɪə baɪ miː
234,307,307,319,かるくあそこをしゅうせい,BUT        IF YOU ASK HER SHE'LL SAY,bʌt ɪf juː ɑːsk hɜː ʃiːl seɪ
235,309,309,321,ばななくさる,BUT        I'M NOT CONCERNED,bʌt aɪm nɒt kənsɜːnd
236,311,311,323,よよよめほらほらよめふまきらーついてるよ,YO        YO YO MAN HOLD IT HOLD IT YO MEN WHOM I KILLING TAPE AT        GUY,jəʊ jəʊ jəʊ mæn həʊld ɪt həʊld ɪt jəʊ mɛn huːm aɪ kɪlɪŋ teɪp æt gaɪ
237,313,313,325,あわびよめん,I        WILL BE YOUR MAN,aɪ wɪl biː jɔː mæn
238,316,316,328,ほしたちんぽ,PUSH        THE TEMPO,pʊʃ ðə tɛmpəʊ
239,317,317,329,みやぎけんじゃやすみはねてんだ,MI A        DI DANGER YES MI A DI DANGER,miː ə di deɪnʤə jɛs miː ə di deɪnʤə
240,319,319,331,ちんちんをこぴー,TEA        TEA AND COFFEE,tiː tiː ænd kɒfi
241,320,320,332,どんくさくない,THE        DARK SACRED NIGHT,ðə dɑːk seɪkrɪd naɪt
242,321,321,333,れんこんすきですいまだれっすか,THERE        GOES SICKNESS IN MY DADDY'S CAR,ðeə gəʊz sɪknɪs ɪn maɪ dædiz kɑː
243,323,323,335,けんきゅういんよーしこいてーまはのう,YOU        CAN'T GET AWAY YOU CAN'T KEEP AWAY NO,juː kɑːnt gɛt əweɪ juː kɑːnt kiːp əweɪ nəʊ
244,324,324,336,おやじでれっとして,"OH        YES, HE DID LEAVE THE STAGE","əʊ jɛs, hiː dɪd liːv ðə steɪʤ"
245,326,326,338,いないぜどろぼうできしだ,THE        NIGHT THEY DROVE OLD DIXIE DOWN,ðə naɪt ðeɪ drəʊv əʊld dɪksi daʊn
246,327,327,340,そろそろなまなめそろそろしあわせね,SO        LONG SO LONG         NOW I'M ON MY WAY         SO LONG SO LONG         SEE YOU ALL SOMEDAY,səʊ lɒŋ səʊ lɒŋ naʊ aɪm ɒn maɪ weɪ səʊ lɒŋ səʊ lɒŋ siː juː ɔːl sʌmˌdeɪ
247,328,328,341,あめですか,I        MET THIS GUY,aɪ mɛt ðɪs gaɪ
248,329,329,342,いーばらき,ABRAHAM,eɪbrəhæm
249,331,331,344,やのやのせんえんてなにうぉん,Y'ALL        ALL Y'ALL DON'T SAY NOTHIN' THEN I WON'T,jɔːl ɔːl jɔːl dəʊnt seɪ nʌθɪn ðɛn aɪ wəʊnt
250,333,333,346,ぱぱよにげはかばのーぱん,FUN        RIDE YOU NEED TO HAVE A MANEUVER,fʌn raɪd juː niːd tuː hæv ə mənuːvə
251,335,335,348,いろいろなひとがいろいろなひとといろいろなあいを,YOU        KNOW YOU'RE MESSED UP BRA         YOU KNOW YOU'RE MESSED UP         YOU KNOW YOU'RE         HOW YOU GO,juː nəʊ jʊə mɛst ʌp brɑː juː nəʊ jʊə mɛst ʌp juː nəʊ jʊə haʊ juː gəʊ
252,336,336,349,あもうしか,I'M        ALL SHOOK UP,aɪm ɔːl ʃʊk ʌp
253,337,337,350,あのあのはなのうえにくろじのぺん,I        KNOW I KNOW　        I NEVER MEANT TO         CAUSE YOU NO PAIN,aɪ nəʊ aɪ nəʊ aɪ nɛvə mɛnt tuː kɔːz juː nəʊ peɪn
254,338,338,351,だれでもいいべ,BETTER        BELIEVE IT,bɛtə bɪliːv ɪt
255,339,339,352,ほーらてんぷらまにあわない,PULL        THE TAPEWORM         OUT OF YOUR ASS,pʊl ðə teɪpwɜːm aʊt ɒv jɔːr æs
256,340,340,353,はでなずぼん,HAVING        LOTS OF FUN,hævɪŋ lɒts ɒv fʌn
257,341,341,354,たりないんだなないとうの,FRIDAY        NIGHT AND THE         LIGHT ARE LOW,fraɪdeɪ naɪt ænd ðə laɪt ɑː ləʊ
258,342,342,355,ちんちんよくみなさい,DID        YOU         COMMUNICATE,dɪd juː kəmjuːnɪkeɪt
259,343,343,356,どのまちもひっそり,DON'T        KNOW MUCH         ABOUT HISTORY,dəʊnt nəʊ mʌʧ əbaʊt hɪstəri
260,344,344,357,あにがひろうあほになぐるひろちゃんにえんりょがない,I        NEED A HERO I'M         HOLDING OUT FOR A        HERO TILL THE         END OF THE NIGHT,aɪ niːd ə hɪərəʊ aɪm həʊldɪŋ aʊt fɔːr ə hɪərəʊ tɪl ði ɛnd ɒv ðə naɪt
261,345,345,358,へいじいちゃんれいめんみっつも,HAY        TEACHERS LEAVE        US KIDS ALONE,heɪ tiːʧəz liːv juːɛs kɪdz ələʊn
262,346,346,359,まずい,MILES        AWAY,maɪlz əweɪ
263,347,347,360,おゆにいれるづら,ALL        YOU NEED IS LOVE,ɔːl juː niːd ɪz lʌv
264,348,348,361,えんでん,AND THEN,ænd ðɛn
265,349,349,362,けいこあのあのゆうこのむすめ,I        CAN'T GO COLD         I KNOW I KNOW        YOU GONNA MISS ME,aɪ kɑːnt gəʊ kəʊld aɪ nəʊ aɪ nəʊ juː gənə mɪs miː
266,350,350,363,のーしんええで,KNOW        WHAT I'M SAYING         HIT IT,nəʊ wɒt aɪm seɪɪŋ hɪt ɪt
267,351,351,364,ゆのみべつなんだ,YOU        KNOW ME         BETTER THAN THAT,juː nəʊ miː bɛtə ðæn ðæt
268,352,352,365,さらりーまんはそうこ,SELLIN'        AIN'T MAMA         SOFA,sɛlɪn eɪnt məmɑː səʊfə
269,353,353,366,おふろ,OH        LORD,əʊ lɔːd
270,354,354,367,おいきたろうはたらけ,MY        FELLOW AMERICANS,maɪ fɛləʊ əmɛrɪkənz
271,355,355,368,あべのまま,I'VE        MADE UP MY MIND,aɪv meɪd ʌp maɪ maɪnd
272,356,356,369,びこうちゅうおばはんあほ,BECAUSE        YOU'RE         ALL I HAVE MY BOY,bɪkɒz jʊər ɔːl aɪ hæv maɪ bɔɪ
273,358,358,371,おわらない,OH        WHAT A NIGHT,əʊ wɒt ə naɪt
274,359,359,372,じゅうえんならいーでぃー,YOU        HAVE NARRATED,juː hæv nəreɪtɪd
275,360,360,373,てぃーぞーんにしょーがーる,TEARS ON YOUR         SHOULDER,teəz ɒn jɔː ʃəʊldə
276,361,361,374,かたくりらーめんゆげがぴゅー,GOT THE GOOD         LIFE AND         YOU GET ABUSED,gɒt ðə gʊd laɪf ænd juː gɛt əbjuːzd
277,362,362,375,はえそうはえふっそうはえぱん,HOT IN SO HOT IN HERE SO HOT IN　EH,hɒt ɪn səʊ hɒt ɪn hɪə səʊ hɒt ɪn eɪ
278,363,363,376,きゅうのばいにしたい,KILL        NOBODY THIS TIME,kɪl nəʊbədi ðɪs taɪm
279,364,364,377,うっそどうてい,I WAS SO EXOTIC,aɪ wɒz səʊ ɪgzɒtɪk
280,365,365,378,ゆげたまらん,YOU CAN COME ALONE,juː kæn kʌm ələʊn
281,366,366,379,そんけいのめです,SOME KIND OF MEDICINE,sʌm kaɪnd ɒv mɛdsɪn
282,367,367,380,あわびいっちょうあわび,I'M BEAT Y'ALL HEY A BE,aɪm biːt jɔːl heɪ ə biː
283,370,370,383,すしかってなんぱ,SUSIE GOT YOUR NUMBER,suːzi gɒt jɔː nʌmbə
284,371,371,384,じゅけんせいへいめんを,YOU CAN'T SAY HEY MAN,juː kɑːnt seɪ heɪ mæn
285,372,372,385,さぼるなしんじんこい,OUTSIDE WORLD AND I'M        SEALED IN TIGHT,ˌaʊtsaɪd wɜːld ænd aɪm siːld ɪn taɪt
286,373,373,386,すしのでまえ,SURGEON OF DEMISE,sɜːʤən ɒv dɪmaɪz
287,374,374,387,おいらよさくてでみそくう,OH MY LOVE         YOU'RE SO GOOD         TREATING ME SO CRUEL,əʊ maɪ lʌv jʊə səʊ gʊd triːtɪŋ miː səʊ krʊəl
288,375,375,388,おなにーにつかう,ALL MY LADIES CAR,ɔːl maɪ leɪdɪz kɑː
289,376,376,389,にじかんいじくる,EASY COME EASY GO,iːzi kʌm iːzi gəʊ
290,377,377,390,なかにひとはいるか,MONOGAMY IS THE         WAY TO GO,mɒnɒgəmi ɪz ðə weɪ tuː gəʊ
291,379,379,392,じょうほうがあついゆ,JOE HOOKER I SEE YOU,ʤəʊ hʊkər aɪ siː juː
292,380,380,393,いえましぇんつれましぇん,YOU WERE MY SHELTER        AND MY SHADE,juː wɜː maɪ ʃɛltər ænd maɪ ʃeɪd
293,381,381,394,あらぐんそう,OUT OF        CONTROL,aʊt ɒv kəntrəʊl
294,382,382,395,みそでした,ME SO        TO START,miː səʊ tuː stɑːt
295,383,383,396,ないようないよう,NOW Y'ALL        NOW Y'ALL,naʊ jɔːl naʊ jɔːl
296,384,384,397,おゆないかありがとおゆないかおゆないかあるじゃねぇの,HOW        YOU LIKE THAT ALL TOGETHER        HOW YOU LIKE THAT HOW YOU LIKE THAT     ALL TOGETHER NOW,haʊ juː laɪk ðæt ɔːl təgɛðə haʊ juː laɪk ðæt haʊ juː laɪk ðæt ɔːl təgɛðə naʊ
297,385,385,398,いきたままあげられる,EACH        TIME ON MY ARM YOU LANDED,iːʧ taɪm ɒn maɪ ɑːm juː lændɪd
298,386,386,399,あにきくんにごふん,AND IT YOU COULDN'T BE        BOTHERED,ænd ɪt juː kʊdnt biː bɒðəd
299,387,387,400,いなりだけしゃりなし,AIN'T        NOTHIN' LIKE IT　        SHINING MACHINE,eɪnt nʌθɪn laɪk ɪt ʃaɪnɪŋ məʃiːn
300,388,388,401,ないぞうへん,LIES        AHEAD,laɪz əhɛd
301,389,389,402,おんせいさんのおすし,ONE        SAYS SUN AND         ONE SAYS SLEET,wʌn sɛz sʌn ænd wʌn sɛz sliːt
302,390,390,403,そうむかのまつだ,SOME        KIND OF MONSTER,sʌm kaɪnd ɒv mɒnstə
303,391,391,404,おおちょっとまて,GO ON        TELL A         ABOUT IT,gəʊ ɒn tɛl ə əbaʊt ɪt
304,392,392,405,でぶっておしてぇな,DEAD        BUT THEY         WON'T STAND UP,dɛd bʌt ðeɪ wəʊnt stænd ʌp
305,393,393,406,べんじょくらい,I'VE        BEEN TO CRY,aɪv biːn tuː kraɪ
306,395,395,408,ふたどめのとうきょうどーむ,MEANER        THAN A         JUNK YARD DOG,miːnə ðæn ə ʤʌŋk jɑːd dɒg
307,397,397,410,ずらかってじいさん,IT'S        LIKE A DISEASE SON,ɪts laɪk ə dɪziːz sʌn
308,398,398,411,しねっちゅーの,SHE        MEANT YOU NO,ʃiː mɛnt juː nəʊ
309,399,399,412,かあさんはぶなぐったはぶなぐった,CAUSE I'M         HAVING A GOOD TIME         HAVING A GOOD TIME,kɔːz aɪm hævɪŋ ə gʊd taɪm hævɪŋ ə gʊd taɪm
310,402,402,415,わしだけどうして,WHY SHOULD I CARE         THOUGH SHE GAVE,waɪ ʃʊd aɪ keə ðəʊ ʃiː geɪv
311,404,404,417,へいはさむちんちん,PAY        HER SOME         ATTENTION,peɪ hɜː sʌm ətɛnʃ(ə)n
312,405,405,418,うそいえーちょっとおわんない,BOOTS        ON TEA      DO YOU KNOW WHAT MATE,buːts ɒn tiː duː juː nəʊ wɒt meɪt
313,406,406,419,たまだたまきんだおだまり,TIME        AFTER         TIME I GAVE YOU         ALL OF MY MONEY,taɪm ɑːftə taɪm aɪ geɪv juː ɔːl ɒv maɪ mʌni
314,407,407,420,どうなってんだろ,DO NOT        BEND AT ALL,duː nɒt bɛnd æt ɔːl
315,408,408,421,すべりだいぱんだはつこんびみえないでしょ,I'M        SPELLBOUND         AN AVATAR         HAS CAUGHT ME         I'M IN A DAZE,aɪm spɛlbaʊnd ən ˌævətɑː hæz kɔːt miː aɪm ɪn ə deɪz
316,409,409,422,あっのみものへったあっのみものへったへった,I KNOW        YOU WANNA         HIT THAT　        I KNOW YOU WANNA         HIT THAT HIT THAT,aɪ nəʊ juː wɒnə hɪt ðæt aɪ nəʊ juː wɒnə hɪt ðæt hɪt ðæt
317,410,410,423,ほうにょうかなしい,HOME        YOU'RE         GONNA SEE,həʊm jʊə gənə siː
318,411,411,424,ゆきもちゃうねん,YOU        KEEP ON SHOUTIN',juː kiːp ɒn ʃaʊtɪn
319,412,412,425,しそさんにちめ,SHE        SAW ME COMING,ʃiː sɔː miː kʌmɪŋ
320,413,413,426,いちょうおれごのみやな,GETTING'        OUT IS WHAT IT'S GONNA BE ABOUT,gɛtɪn aʊt ɪz wɒt ɪts gənə biː əbaʊt
321,414,414,427,いかっておなにーふざけておなにー,YOU      GOT ME ON MY KNEESI'M BEGGING DARLING PLEASE,juː gɒt miː ɒn maɪ KNEESI'M bɛgɪŋ dɑːlɪŋ pliːz
322,415,415,428,あっやまたってひとえにかいたひと,I AM        A LOBSTER EVERYBODY SAYS SO,aɪ æm ə lɒbstər ɛvrɪbɒdi sɛz səʊ
323,416,416,429,おっぱいまわせー,ALL        BY MYSELF,ɔːl baɪ maɪsɛlf
324,417,417,430,どうていがしんだ,DON'T        TAKE ACTION NOW,dəʊnt teɪk ækʃ(ə)n naʊ
325,418,418,431,しょうゆあわび,SHOW        YOU HOW I FEEL,ʃəʊ juː haʊ aɪ fiːl
326,420,420,433,そろばんちゅうはははええやないか,IT'S        ALL ABOUT YOU HAH HAH HAH YOU NIGGER,ɪts ɔːl əbaʊt juː hɑː hɑː hɑː juː nɪgə
327,421,421,434,こっちのうわぎすけるよすけるよ,CAUSE YOU KNOW WE'RE GETTING SCARIER AND SCARIER,kɔːz juː nəʊ wɪə gɛtɪŋ skeərɪər ænd skeərɪə
328,422,422,435,そうまつだいらけんだー,SO        LET'S STAY TOGETHER,səʊ lɛts steɪ təgɛðə
329,423,423,436, わざとだろヤケドする, WAS IT THE DEVIL WHO LED ME TO SEVEN,wɒz ɪt ðə dɛvl huː lɛd miː tuː sɛvn
330,426,426,439,はいしゃさんやり,HIGH        SOCIETY,haɪ səsaɪəti
331,428,428,441,せいかんせんしょう,SAID COMMON SENSE YO,sɛd kɒmən sɛns jəʊ
332,429,429,442,なめんじゃないなぜたべたくなる,LOVE ME TONIGHT         AND LET THE DEVIL        TAKE TOMORROW,lʌv miː tənaɪt ænd lɛt ðə dɛvl teɪk təmɒrəʊ
333,431,431,444,あべのまちぶせあっちょっとやだなぁ,OH I'M        BANGING ON MY TV SET AND I CHECK THE ODDS AND I,əʊ aɪm bæŋɪŋ ɒn maɪ ˌtiːviː sɛt ænd aɪ ʧɛk ði ɒdz ænd aɪ
334,432,432,445,めがまわんない,MAKE        UP MY MIND,meɪk ʌp maɪ maɪnd
335,435,435,448,しゅうまいやさいけんとうし,TO MY EYES I CAN'T        CONCEAL,tuː maɪ aɪz aɪ kɑːnt kənsiːl
336,436,436,449,ほんとだーしょうゆついてない,HOME TONIGHT       I'LL SHOW YOU SWEET DELIGHT,həʊm tənaɪt aɪl ʃəʊ juː swiːt dɪlaɪt
337,438,438,451,へびぐろう,HEAVY GLOW,hɛvi gləʊ
338,440,440,453,つまりきみ,SOMEBODY GIVE ME,sʌmbədi gɪv miː
339,442,442,455,いいですねやわらけえうそ,"YEAH THIS IS ME       YO WHAT UP KID,       WHAT'S UP","jeə ðɪs ɪz miː jəʊ wɒt ʌp kɪd,       wɒts ʌp"
340,443,443,456,やっぱりやっぱりゆめ,YOU BETTER YOU BETTER YOU BET,juː bɛtə juː bɛtə juː bɛt
341,444,444,457,はんぺんない,HOUND THAT NIGHT,haʊnd ðæt naɪt
342,445,445,458,でんわでげーっという,THEY'RE OUT TO GET YOU,ðeər aʊt tuː gɛt juː
343,448,448,461,おわれっおわれてがっしょう,WHAD'YA WHAD'YA THINK I SAW,WHAD'YA WHAD'YA θɪŋk aɪ sɔː
344,449,449,462,とちぎとちぎのぼる,DON'T YOU HEAR ME DON'T YOU HEAR ME CALLING,dəʊnt juː hɪə miː dəʊnt juː hɪə miː kɔːlɪŋ
345,451,451,464,けがでない,CANNOT DENY,kænɒt dɪnaɪ
346,452,452,465,へでてすまぬ,HATE THAT THERE SOMEONE NEW,heɪt ðæt ðeə sʌmwʌn njuː
347,453,453,466,しちさんにあう,SINCE YOU FOUND ME OUT,sɪns juː faʊnd miː aʊt
348,454,454,467,ちゅーがしづらいぜ,JUDAS IS RISING,ʤuːdəs ɪz raɪzɪŋ
349,455,455,468,ちちのますき,ITCHING ON MY SKIN,ɪʧɪŋ ɒn maɪ skɪn
350,461,461,474,おわりおなにーええええー,I NEED ALL I NEED YEAH YEAH,aɪ niːd ɔːl aɪ niːd jeə jeə
351,462,462,475,だそうでびんでない,THIS OLD HEART HAD BEEN DENIED,ðɪs əʊld hɑːt hæd biːn dɪnaɪd
352,464,464,477,てんぐえだしてるもの,THING WOO YEAH I SAID GONNA,θɪŋ wuː jeə aɪ sɛd gənə
353,466,466,479,わたしとかるた,WHAT A CAST OF CHARACTERS,wɒt ə kɑːst ɒv kærɪktəz
354,467,467,480,まさかじょしすいません,MY SUBCONSCIOUS SEEM TO WEAVE ITSELF,maɪ ˌsʌbkɒnʃəs siːm tuː wiːv ɪtsɛlf
355,468,468,481,あしたあんぜん,US AND THEM,juːɛs ænd ðɛm
356,469,469,482,こむそう,COME THE SWORD,kʌm ðə sɔːd
357,470,470,483,あくしゅでした,EXISTENCE,ɪgzɪstəns
358,471,471,484,あやまりたいあやまりたい,I AM EVERYTHING I AM ANYTHING,aɪ æm ɛvrɪθɪŋ aɪ æm ɛnɪθɪŋ
359,472,472,485,どうていのせいか,DON'T BE NO FAKER,dəʊnt biː nəʊ feɪkə
360,473,473,486,とのはちがうてでつかーむ,DON'T KNOW WHAT YOU GOT TILL IT'S GONE NO,dəʊnt nəʊ wɒt juː gɒt tɪl ɪts gɒn nəʊ
361,474,474,487,おでんろんがい,ALL DAY LONG I,ɔːl deɪ lɒŋ aɪ
362,475,475,488,あきてないかろうば,ACTING LIKE A ROBOT,æktɪŋ laɪk ə rəʊbɒt
363,476,476,489,かみさんたいあまえび,COMING SOMETIME AND MAYBE,kʌmɪŋ sʌmtaɪm ænd meɪbiː
364,477,477,490,そんなむりしなくていい,FROZEN MEMORIES LAUGHING THEY,frəʊzn mɛməriz lɑːfɪŋ ðeɪ
365,478,478,491,とびでてすまない,FOR TOKEN INTEREST IN MY LIFE,fɔː təʊkən ɪntrɪst ɪn maɪ laɪf
366,479,479,492,あいつらみんなそばでさるぐろう,I HITCHED A RIDE WITH MY SOUL BY THE SIDE OF THE ROAD,aɪ hɪʧt ə raɪd wɪð maɪ səʊl baɪ ðə saɪd ɒv ðə rəʊd
367,480,480,493,だい3らうんどだいれんだぱんちあっひるんでる,LIES UNKNOWN THE LAND OF MINE A HIDDEN GATE,laɪz ʌnnəʊn ðə lænd ɒv maɪn ə hɪdn geɪt
368,481,481,494,おおたすぽんじにのみ,WATER'S PLUNGING IN ON ME,wɔːtəz plʌnʤɪŋ ɪn ɒn miː
369,482,482,495,ここかしこここかしこ,GO GO GADGET GIRL GO GO GADGET GIRL,gəʊ gəʊ gæʤɪt gɜːl gəʊ gəʊ gæʤɪt gɜːl
370,484,484,497,おまめでてきたみせて,MOM AND DAD TAKE YOUR DON'T BE SAD PILL,mɒm ænd dæd teɪk jɔː dəʊnt biː sæd pɪl
371,486,486,499,おのがおのあひるのてんぷら,OH NO GOD OH NO I HEAR THOSE DAMNED WORDS,əʊ nəʊ gɒd əʊ nəʊ aɪ hɪə ðəʊz dæmd wɜːdz
372,488,488,501,さびしいふり,SAW THE SEE FREEZE,sɔː ðə siː friːz
373,489,489,502,あもうちょっとらーめんあはいちゃった,I WANT YOU TO LOVE ME WHERE I NEED YOU TO,aɪ wɒnt juː tuː lʌv miː weər aɪ niːd juː tuː
374,491,491,504,しょはんか,SHORT HAIRED GIRL,ʃɔːt heəd gɜːl
375,493,493,506,ほっぺをせいいっぱいみせる,HOPE TO FEEL SAFE AND SOUND,həʊp tuː fiːl seɪf ænd saʊnd
376,494,494,507,だいそーまえにいる,D I SAW A MIGHTY ROOM,diː aɪ sɔː ə maɪti ruːm
377,495,495,508,そうとうげひんだ,SOUL FOR GETTING DOWN,səʊl fɔː gɛtɪŋ daʊn
378,497,497,510,ほおまっしろ,FOR MERCY LOVE,fɔː mɜːsi lʌv
379,498,498,511,あんたしょじょか,I'M DONE SHOOT YOUR GUN,aɪm dʌn ʃuːt jɔː gʌn
380,499,499,512,ゆのみゆのみをつれ,YOU KNOW ME YOU KNOW ME ALL TOO WELL,juː nəʊ miː juː nəʊ miː ɔːl tuː wɛl
381,500,500,513,あいくびあなそうろう,I CAN BE AN ASSHOLE OF,aɪ kæn biː ən æsˌhəʊl ɒv
382,501,501,514,おれのくったおうしゃちょう,FOREVER TONIGHT OR SHUT YOUR,fərɛvə tənaɪt ɔː ʃʌt jɔː
383,502,502,515,たのもしいです,TELL ME WHAT SHE DID,tɛl miː wɒt ʃiː dɪd
384,503,503,516,おーるがちいさい,ALL THAT SHE SAID,ɔːl ðæt ʃiː sɛd
385,504,504,517,じいはんざいはんざい,DEPENDING PENDING,dɪpɛndɪŋ pɛndɪŋ
386,505,505,519,かれーみほん,CALLING ME HOME,kɔːlɪŋ miː həʊm
387,506,506,520,たけしょぼう,DARKEST COLOR,dɑːkɪst kʌlə
388,508,508,522,ゆうげんですゆうげんだ,YOU CAN DANCE YOU CAN JIVE,juː kæn dɑːns juː kæn ʤaɪv
389,509,509,523,いまやってんじゃねぇそこ,IN MY OPINIONS AS A PRO,ɪn maɪ əpɪnjənz æz ə prəʊ
390,511,511,525,いたべんじょむし,IT'S A PLEASURE MACHINE,ɪts ə plɛʒə məʃiːn
391,512,512,526,かならずたててや,COUNTER HAS A TATTOOED TEAR,kaʊntə hæz ə tətuːd teə
392,513,513,527,そこもなってない,SO COME ON OUT TONIGHT,səʊ kʌm ɒn aʊt tənaɪt
393,514,514,528,ままがはっぱのうえ,MY MIND CAN'T HELP BUT KNOWING,maɪ maɪnd kɑːnt hɛlp bʌt nəʊɪŋ
394,515,515,529,しょうっちゃいやつははなっとけ,SHE'D TRIED SO HARD TO KEEP,ʃiːd traɪd səʊ hɑːd tuː kiːp
395,516,516,530,あじがおまえあじけないっすね,HOW'S YOUR GIRL MIKE OH SHE'S PRETTY NICE MAN,haʊz jɔː gɜːl maɪk əʊ ʃiːz prɪti naɪs mæn
396,517,517,531,みたせん,MAKE THE SAME,meɪk ðə seɪm
397,518,518,532,あさまでえっちしたいねん,I SAW MY PICTURES HANGIN',aɪ sɔː maɪ pɪkʧəz hæŋɪn
398,521,521,535,はなからそうたまご,AND I GOT A SHORT TIME TO GO,ænd aɪ gɒt ə ʃɔːt taɪm tuː gəʊ
399,522,522,536,どこも,GLAUCOMA,glɔːkəʊmə
400,523,523,537,あっほんがほんが,I'VE HUNGERED HUNGERED,aɪv hʌŋgəd hʌŋgəd
401,524,524,538,いついつしんだ,EAST EAT SHIT AND DIE,iːst iːt ʃɪt ænd daɪ
402,526,526,540,おんなぶろにはつ,OWNER OF A LONELY HEART,əʊnər ɒv ə ləʊnli hɑːt
403,527,527,541,でぶろうにん,BABE ALONE IN,beɪb ələʊn ɪn
404,528,528,542,ちゅうねんのみせだ,TRUE THEM KNOW ME SWEET AN,truː ðɛm nəʊ miː swiːt æn
405,529,529,543,ひざがいたい,HE'S ON MY SIDE,hiːz ɒn maɪ saɪd
406,530,530,545,ちょりそー,SHORTEST STRAW,ʃɔːtɪst strɔː
407,533,533,548,どあにちょー,DON'T WANT EAT YOU,dəʊnt wɒnt iːt juː
408,536,536,551,はげなるしすと,HOW CAN I RESIST YOU,haʊ kæn aɪ rɪzɪst juː
409,537,537,552,ひょうしょうだい,WE ALL SHALL DIE,wiː ɔːl ʃæl daɪ
410,538,538,553,つとむいんぽ,SHOULD TUMBLE AND FALL,ʃʊd tʌmbl ænd fɔːl
411,540,540,555,ちょっとふける,SO DON'T FORGET IT,səʊ dəʊnt fəgɛt ɪt
412,541,541,556,わけないでー,WHAT CAN I DO,wɒt kæn aɪ duː
413,542,542,557,ろくもってる,LOCOMOTIVES,ləʊkəˌməʊtɪvz
414,543,543,558,みぎてにはなたばかい,WREAKING DEADLY HAVOC ON MANKIND,riːkɪŋ dɛdli hævək ɒn mænkaɪnd
415,545,545,560,けんこうですね,CAN'T CALL IT'S NAME,kɑːnt kɔːl ɪts neɪm
416,546,546,561,あなにはさまるけいじ,AND THEN YOU ASK FOR MEDICATION,ænd ðɛn juː ɑːsk fɔː ˌmɛdɪkeɪʃən
417,547,547,562,ややこしい,LEI È COSÌ,leɪ È kɒsÌ
418,548,548,563,よるくく,YOUR NEW CUCKOO,jɔː njuː kʊkuː
419,550,550,565,ぺったんこすーつ,BITCH I AIN'T GON'SHOOT YOU,bɪʧ aɪ eɪnt GON'SHOOT juː
420,553,553,568,さんしゅうさ,THE SADDEST SHOW IN TOWN,ðə sædɪst ʃəʊ ɪn taʊn
421,554,554,569,あーきれてる,AH GET IT HERE,ɑː gɛt ɪt hɪə
422,556,556,571,すいませんがどうていなんですか,TOO MUCH SURPRISE ROSIE NEVER STOP,tuː mʌʧ səpraɪz rəʊziː nɛvə stɒp
423,557,557,572,みがでた, MEAN GOD DAMNED DOC,miːn gɒd dæmd dɒk
424,558,558,573,とつぜんたなかのすりっぱない,TOSS AND TURN I CAN'T SLEEP AT NIGHT,tɒs ænd tɜːn aɪ kɑːnt sliːp æt naɪt
425,559,559,574,だれのかお,AND THROWN IN THE COLD,ænd θrəʊn ɪn ðə kəʊld
426,560,560,575,はとからにまん, I THOUGHT THAT I NEEDED MINE,aɪ θɔːt ðæt aɪ niːdɪd maɪn
427,561,561,576,しゃけとあざらし,SHOCKED AT THE WORLD THAT I SEE,ʃɒkt æt ðə wɜːld ðæt aɪ siː
428,562,562,577,あいついかめらだけうめぇ,I'LL TAKE ALL THE LOVE YOU GIVE,aɪl teɪk ɔːl ðə lʌv juː gɪv
429,563,563,578,あやまれたむらのおにいちゃん,I'M A DOG BUT I'M THE ONE YOU DOG,aɪm ə dɒg bʌt aɪm ðə wʌn juː dɒg
430,564,564,579,おなぺっとどなた,ON N'PEUT TE DONNER TORT,ɒn N'PEUT tiː dɒnə tɔːt
431,565,565,580,すとっきんぐどう,STUCK IN YOUR THUMB,stʌk ɪn jɔː θʌm
432,566,566,581,あんたわかったの,AND I WALK OUT THE DOOR,ænd aɪ wɔːk aʊt ðə dɔː
433,567,567,582,きゃばくらみんなじ,CHEMICAL AFFINITY,kɛmɪkəl əfɪnɪti
434,568,568,583,むぼうだおっちゃんむちゃするむぼうだ,MOVE ON UP ONE TIME WE JUST MOVE ON UP,muːv ɒn ʌp wʌn taɪm wiː ʤʌst muːv ɒn ʌp
435,569,569,584,こうもんねらい,COLD MORNING LIGHT,kəʊld mɔːnɪŋ laɪt
436,570,570,585,しゃがんでこうふんした,STANDING IN THE COLD BLUE SNOW,stændɪŋ ɪn ðə kəʊld bluː snəʊ
437,571,571,586,やすいわいいわおやじは,YES HE WAS HE WAS OH YES HE WAS,jɛs hiː wɒz hiː wɒz əʊ jɛs hiː wɒz
438,572,572,587,すごくすてきなあなみせてみな,SMOKE STICKY NOW AND THE MISSES PICK ME NOW,sməʊk stɪki naʊ ænd ðə mɪsɪz pɪk miː naʊ
439,573,573,588,ゆうがたきゅうりすてる,YOU'VE GOT THE CUTEST LITTLE,juːv gɒt ðə kjuːtɪst lɪtl
440,574,574,589,らーめんやだぞらーめんやだぞ,RHYMER IN A ZONE RHYMER IN A ZONE,raɪmər ɪn ə zəʊn raɪmər ɪn ə zəʊn
441,575,575,590,おうずぼんおろす,OH THE BOYS ARE ROUGH,əʊ ðə bɔɪz ɑː rʌf
442,577,577,592,ていうかにおいがでねぇ,TO THE NEON GOD THEY MADE,tuː ðə niːən gɒd ðeɪ meɪd
443,578,578,593,しゃきんだけすくえや,SUCKING DARKEST CLEAR,sʌkɪŋ dɑːkɪst klɪə
444,579,579,594,はげにらっぷ,HOW CAN YOU LAUGH,haʊ kæn juː lɑːf
445,581,581,596,どんぴしゃ,DON'T BE SHY,dəʊnt biː ʃaɪ
446,582,582,597,となりはなんともりさん,DAWNED ON ME LIKE THE MORNIN' SUN,dɔːnd ɒn miː laɪk ðə mɔːnɪn sʌn
447,584,584,599,おいみんなふざけんなばか,HEY DIDN'T I SAY GET THE FUCK OUT,heɪ dɪdnt aɪ seɪ gɛt ðə fʌk aʊt
448,585,585,600,やっぱはずれんだ,LET MY HEART SURRENDER,lɛt maɪ hɑːt sərɛndə
449,586,586,601,こっこっこっここなっつない,COLD COLD COLD COLD COLD NIGHT TONIGHT,kəʊld kəʊld kəʊld kəʊld kəʊld naɪt tənaɪt
450,588,588,604,おかまげいめぐろく,OH COME GET ME LITTLE GIRL,əʊ kʌm gɛt miː lɪtl gɜːl
451,589,589,605,かんでもわらわねぇじゃん,CONDOM ON WHILE I'M ON THE JOHN,kɒndɒm ɒn waɪl aɪm ɒn ðə ʤɒn
452,590,590,606,だってこうもんだもんあのーたまらねぇよ,I GOT THE CALL MONDAY MORNIN' I KNOW SOMETIME AROUND 9AM,aɪ gɒt ðə kɔːl mʌndeɪ mɔːnɪn aɪ nəʊ sʌmtaɪm əraʊnd 9æm
453,591,591,607,ほうけいのひとゆうもう,HOW CAN I SHOW YOU MORE,haʊ kæn aɪ ʃəʊ juː mɔː
454,593,593,609,えびふらいえびふらいえびふらいひゃくほんくらい,AIN'T IT LIFE GOT NO CRY,eɪnt ɪt laɪf gɒt nəʊ kraɪ
455,597,597,613,まさかのぱんつ,MASSACRE THE FANS,mæsəkə ðə fænz
456,600,600,617,あのーべんじょありますか,I KNOW THAT YOU LIKE MY STYLE,aɪ nəʊ ðæt juː laɪk maɪ staɪl
457,601,601,618,きょうそばきょうそばぷーるですべる,YOU'RE CLOSER YOU'RE CLOSER NOW FOLLOW THEIR SMELL,jʊə kləʊsə jʊə kləʊsə naʊ fɒləʊ ðeə smɛl
458,602,602,619,どうていのいしいなざわ,DON'T THEY KNOW IT'S THE END OF THE WORLD,dəʊnt ðeɪ nəʊ ɪts ði ɛnd ɒv ðə wɜːld
459,603,603,620,ゆびがまがらねぇ,YOU'VE BECOME A PART OF ME,juːv bɪkʌm ə pɑːt ɒv miː
460,605,605,622,ごっついごっついごっついしなぞろえ,GOD SPEED GOD SPEED GOD SPEED SPEED US AWAY,gɒd spiːd gɒd spiːd gɒd spiːd spiːd juːɛs əweɪ
461,606,606,623,あにじょうろ,I NEED YOUR LOVE,aɪ niːd jɔː lʌv
462,607,607,624,しんろでなやむふくやま,SEEN BUT I'M NEVER HEARD BY YOUR LOT,siːn bʌt aɪm nɛvə hɜːd baɪ jɔː lɒt
463,608,608,625,すてきなおせんべいですね,STICK YOUR NOSE IN BUSINESS,stɪk jɔː nəʊz ɪn bɪznɪs
464,609,609,626,さんはりぬう,SOMEBODY NEW,sʌmbədi njuː
465,610,610,627,ぎゅうたんうめーぎゅうたんうめー,YOU MUST DIE IN PAIN,juː mʌst daɪ ɪn peɪn
466,611,611,628,えへっえへっなんだっけ,HEH NOT AGAIN,heɪ nɒt əgɛn
467,612,612,629,ちずのせろちずのせろちゃんとして,SHE'S LOST HER WILL SHE'S LOST HER WILL TIME IS STANDING,ʃiːz lɒst hɜː wɪl ʃiːz lɒst hɜː wɪl taɪm ɪz stændɪŋ
468,613,613,630,すもうだいえんかい,SOME OLD DYING MAN,sʌm əʊld daɪɪŋ mæn
469,615,615,632,よはかなしい,YOUR KINDA SCENE,jɔː kaɪndə siːn
470,617,617,634,あっていうかもうすわっていい,I'LL DIG A A HOLE SO DEEP,aɪl dɪg ə ə həʊl səʊ diːp
471,618,618,635,のどちんこぼうず,ANOTHER KINGDOM FALLS,ənʌðə kɪŋdəm fɔːlz
472,619,619,636,だいじんはまぐろだった,GOTTA SEE MY ROCK'N ROLL DOCTOR,gɒtə siː maɪ ROCK'N rəʊl dɒktə
473,620,620,637,はつでんきはつでんき,I'M THINKING I'M THINKING,aɪm θɪŋkɪŋ aɪm θɪŋkɪŋ
474,622,622,639,こうもんこすっている,COME ON CLOSER BABY,kʌm ɒn kləʊsə beɪbi
475,623,623,640,むりむりむりおりろ,WORRY WORRY WORRY ALL DAY LONG,wʌri wʌri wʌri ɔːl deɪ lɒŋ
476,626,626,643,どんべえ,DON'T BE BAD,dəʊnt biː bæd
477,627,627,644,とつにゅうとつにゅうとつにゅうかぎがかかってる,TOUCHING YOU TOUCHING ME TOUCHING YOU GOD YOU'RE TOUCHING ME,tʌʧɪŋ juː tʌʧɪŋ miː tʌʧɪŋ juː gɒd jʊə tʌʧɪŋ miː
478,629,629,646,たまらんたまご,FROM A LONG TIME AGO,frɒm ə lɒŋ taɪm əgəʊ
479,630,630,647,あかおにのおめんほしいなあおおにのぱんつほしいな,I DON'T NEED NO LIFE RESERVER I DON'T NEED NO ONE TO HOSE ME DOWN,aɪ dəʊnt niːd nəʊ laɪf rɪzɜːvər aɪ dəʊnt niːd nəʊ wʌn tuː həʊz miː daʊn
480,631,631,648,ぶたばらです,BUT I BORROWED IT,bʌt aɪ bɒrəʊd ɪt
481,632,632,649,ままそこうんこ,BY MY SO CALLED GIRL,baɪ maɪ səʊ kɔːld gɜːl
482,633,633,650,あっぎょうれつや,I'LL DO IT IF YOU,aɪl duː ɪt ɪf juː
483,634,634,651,はんにゅうびぎり,A NEW BEGINNING,ə njuː bɪgɪnɪŋ
484,635,635,652,きょうはみずぎだ,YOU AND ME TOGETHER,juː ænd miː təgɛðə
485,636,636,653,それじゃないじゃん,SO LET YOUR LIGHT SHINE,səʊ lɛt jɔː laɪt ʃaɪn
486,639,639,656,でてんじゃんままのうえ,DEATH IS JUST A MOMENT AWAY,dɛθ ɪz ʤʌst ə məʊmənt əweɪ
487,640,640,657,さとうせいざせい,CYCLE STAYS THE SAME,saɪkl steɪz ðə seɪm
488,641,641,658,もっとしっかりにつめさとうぶっこみあわだてて,WATCH YOURSELF DAWN IN DISARRAY IT'S TIME TO BREAK AWAY OR WE'LL DIE TODAY,wɒʧ jɔːsɛlf dɔːn ɪn ˌdɪsəreɪ ɪts taɪm tuː breɪk əweɪ ɔː wiːl daɪ tədeɪ
489,643,643,660,とんだんです,DON'T LET THIS,dəʊnt lɛt ðɪs
490,644,644,661,おっけいま,OKAY MA,əʊkeɪ mɑː
491,645,645,662,じいさんがよこづな,JUST LIKE A YOUNG GIRL SHOULD,ʤʌst laɪk ə jʌŋ gɜːl ʃʊd
492,646,646,663,しょうゆほじゅう,SHOW YOU HOLD YOU,ʃəʊ juː həʊld juː
493,648,648,665,あにりゅうねん,I NEED YOU NOW,aɪ niːd juː naʊ
494,649,649,666,しゃれにならんだろう,SHARING A LOVE THAT ON,ʃeərɪŋ ə lʌv ðæt ɒn
495,650,650,667,なわとれまっか,NOW I'M TOWING MY CAR,naʊ aɪm təʊɪŋ maɪ kɑː
496,651,651,668,くまもとすんでない,SYMBOLIC ACTS SO VIVID,sɪmbɒlɪk ækts səʊ vɪvɪd
497,652,652,669,しけんでしけんでしけんでおどっちゃう,SHE CAN'T LIVE SHE CAN'T LIVE SHE CAN'T LIVE WITHOUT YA,ʃiː kɑːnt lɪv ʃiː kɑːnt lɪv ʃiː kɑːnt lɪv wɪðaʊt jə
498,653,653,670,ぶたはてきとう,BUT NOW I TAKE IT ALL,bʌt naʊ aɪ teɪk ɪt ɔːl
499,654,654,671,ぱんのたんとうすいませんもうねていっぱいで,HAD NO CHANCE TO SEE MYSELF MOLDED DAY BY DAY,hæd nəʊ ʧɑːns tuː siː maɪsɛlf məʊldɪd deɪ baɪ deɪ
500,655,655,672,たまだたまきだ,TIME AFTER TIME GAVE YOU,taɪm ɑːftə taɪm geɪv juː
501,657,657,674,むいみだむいみだむいみだ,WE NEED LOVE,wiː niːd lʌv
502,658,658,675,うるさかばい,WITH A SUCKER PUNCH,wɪð ə sʌkə pʌnʧ
503,659,659,676,かんちょうとうそうおう,CLIMBED YOUR TORSO OH,klaɪmd jɔː tɔːsəʊ əʊ
504,660,660,677,にほんじんです,LIVE FOR TODAY,lɪv fɔː tədeɪ
505,662,662,679,きぼりちんぽ,KEEP ON REACHIN' FOR,kiːp ɒn riːʧɪn fɔː
506,664,664,681,あくなきこうびつらいのよ,HOW CAN I KEEP COPING TILL I KNOW YOUR,haʊ kæn aɪ kiːp kəʊpɪŋ tɪl aɪ nəʊ jɔː
507,666,666,683,あけてじいちゃん,I KEPT IT DEEP DOWN,aɪ kɛpt ɪt diːp daʊn
508,667,667,684,もちをかまないかまない,WON'T YOU COME ON AND COME ON AND,wəʊnt juː kʌm ɒn ænd kʌm ɒn ænd
509,669,669,686,ふけつだろおちんちん,WHO CARES THEY'RE ALWAYS CHANGING,huː keəz ðeər ɔːlweɪz ʧeɪnʤɪŋ
510,670,670,687,えろいすいーつみてや,IT ALWAYS LEADS ME HERE,ɪt ɔːlweɪz liːdz miː hɪə
511,671,671,688,ろうにんせいらっかちゅう,BELONGS INSANE LIKE I DO,bɪlɒŋz ɪnseɪn laɪk aɪ duː
512,672,672,689,あーいやだもれちゃった,EARLY IN THE MORNING TIME,ɜːli ɪn ðə mɔːnɪŋ taɪm
513,673,673,690,じょしゅはのってねぇ,JUST YOU AND NOTHING ELSE,ʤʌst juː ænd nʌθɪŋ ɛls
514,674,674,691,とおめにしんかんせん,COME ON BABY SHAKE THAT THING,kʌm ɒn beɪbi ʃeɪk ðæt θɪŋ
515,675,675,692,やきすぎ,BLACK AS THE DEEP,blæk æz ðə diːp
516,676,676,693,げためぐろ,GET DOWN MAKE LOVE,gɛt daʊn meɪk lʌv
517,677,677,694,しんごうばあさんみぎに,SINGLE FILES OF CLEAN FEELINGS,sɪŋgl faɪlz ɒv kliːn fiːlɪŋz
518,678,678,695,おっとのなまえです,WORLD ALL TURN OUT LIKE THIS,wɜːld ɔːl tɜːn aʊt laɪk ðɪs
519,680,680,697,ややしゃくれ,YEAH YOU SHOCK ME,jeə juː ʃɒk miː
520,682,682,699,こちらさんどちらさん,PUT YOUR LIGHTS ON PUT YOUR LIGHTS ON,pʊt jɔː laɪts ɒn pʊt jɔː laɪts ɒn
521,684,684,701,あけっぱなしでもろ,I CAN'T PROMISE YOU TOMORROW,aɪ kɑːnt prɒmɪs juː təmɒrəʊ
522,685,685,702,おじょうさんくさいですね,BUT YO SON IT'S LIKE THIS MAN,bʌt jəʊ sʌn ɪts laɪk ðɪs mæn
523,686,686,703,はなよめだんせい,HOW MY OPEN ARMS ACHE,haʊ maɪ əʊpən ɑːmz eɪk
524,687,687,704,ろっぽんぎやないほんまや,UP ON ME I'M LIKE OH MAN,ʌp ɒn miː aɪm laɪk əʊ mæn
525,689,689,706,あらえばあちゃん,ALIVE BUT DEAD,əlaɪv bʌt dɛd
526,690,690,707,あっちんげそっちゃうんですか,AND TAKE US UP TO THE SKIES,ænd teɪk juːɛs ʌp tuː ðə skaɪz
527,692,692,709,おぼんがぼうそうした,A LOVE THAT WAS SO STRONG,ə lʌv ðæt wɒz səʊ strɒŋ
528,693,693,710,こめうめぇこめうめぇこめ,COME HERE MAN COME HERE MAN COME HERE,kʌm hɪə mæn kʌm hɪə mæn kʌm hɪə
529,694,694,711,はいりたくてむりだ,HATE INJECTED MIND,heɪt ɪnʤɛktɪd maɪnd
530,697,697,714,おねえちゃんさっきからびーるほんのちょっとぬるいぞ,WHEN IT DROPS OH YOU GOT A FEELING OH THAT YOU BEEN DOIN' WRONG,wɛn ɪt drɒps əʊ juː gɒt ə fiːlɪŋ əʊ ðæt juː biːn du(ː)ɪn rɒŋ
531,698,698,715,あべしのはつかめねえ,I BET U KNOW WHAT'S COMIN' NEXT,aɪ bɛt juː nəʊ wɒts kʌmɪn nɛkst
532,699,699,716,だれだれござかったろうだれ,DARLIN’ DARLIN' CAUSE I'VE GOT LOVE DARLIN' ,dɑːlɪn dɑːlɪn kɔːz aɪv gɒt lʌv dɑːlɪn 
533,700,700,717,もうしないもうしないよー,MOTION NOW MOTION NOW YOUR,məʊʃən naʊ məʊʃən naʊ jɔː
534,701,701,718,ちんこへいおまち,DIG THE HAIR ON MY CHEST,dɪg ðə heər ɒn maɪ ʧɛst
535,702,702,719,べんりこうじえん,BELLY FULL OF GIN,bɛli fʊl ɒv ʤɪn
536,703,703,720,きゃべつはぜんぜんできてまへんきゃべつはぜんぜんできてまへんきゃべつはぜんぜんできてまへんできてまへん,TIME GOT THE TIME TICK TICK TICKIN' IN MY HEAD ×3TICKIN' IN MY HEAD,taɪm gɒt ðə taɪm tɪk tɪk tɪkɪn ɪn maɪ hɛd ×3tɪkɪn ɪn maɪ hɛd
537,704,704,721,かににみそつけあらう,CAN ANY NATION STAND ALONE,kæn ɛni neɪʃən stænd ələʊn
538,705,705,722,ねばねばねばねばこのびんせん,NEVER NEVER NEVER NEVER GONNA BE THE SAME,nɛvə nɛvə nɛvə nɛvə gənə biː ðə seɪm
539,707,707,724,あっそれちょっとやめて,I SAW YOU JUST THE OTHER DAY,aɪ sɔː juː ʤʌst ði ʌðə deɪ
540,709,709,726,いっそげいにいらいしてくれ,IT'S A GAME HE LIKES TO PLAY,ɪts ə geɪm hiː laɪks tuː pleɪ
541,710,710,727,くそにしちゃえらくしょうっちゃいな,THE SUN IS SHINING AN THE KIDS ARE SHOUTING LOUD,ðə sʌn ɪz ʃaɪnɪŋ ən ðə kɪdz ɑː ʃaʊtɪŋ laʊd
542,711,711,728,かんにんしてかんにんしてかんにんして,GEL IŞTE GEL IŞTE GEL IŞTE,ʤɛl aɪŞtiː ʤɛl aɪŞtiː ʤɛl aɪŞtiː
543,712,712,729,あんないのりのりで,AND I KNOW WE'RE GONNA BE,ænd aɪ nəʊ wɪə gənə biː
544,714,714,731,あむこうのじじいはすげーな,I'M GONNA TEACH YOU HOW TO SING IT OUT,aɪm gənə tiːʧ juː haʊ tuː sɪŋ ɪt aʊt
545,715,715,732,あさひるべんとうふらい,I STILL HEAR THE BATTLE CRY,aɪ stɪl hɪə ðə bætl kraɪ
546,716,716,733,さわってもうた,STYLE AND YOU KNOW THAT,staɪl ænd juː nəʊ ðæt
547,717,717,734,いちにちぱんつくわえて,ISN'T IT BAD SO QUIET THERE,ɪznt ɪt bæd səʊ kwaɪət ðeə
548,718,718,735,よめはんはのーぱん,AND HEAVENS OPEN,ænd hɛvnz əʊpən
549,719,719,736,ねこはだめだだめだだめだじゅういだじゅうい,THEY CALL HER DOMINO DOMINO DOMINO DO IT DO IT,ðeɪ kɔːl hɜː dɒmɪnəʊ dɒmɪnəʊ dɒmɪnəʊ duː ɪt duː ɪt
550,721,721,738,ろうかにもうしょう,BROKEN EMOTIONS,brəʊkən ɪməʊʃənz
551,722,722,739,なりたにかえれひべー,NIGHT TIME CAVITY TO COME IN,naɪt taɪm kævɪti tuː kʌm ɪn
552,723,723,740,あにちゃーんあっおちる,NEED YOU I WANT YOU TO,niːd juː aɪ wɒnt juː tuː
553,724,724,741,いえでみんなでけつをみる,CAN I GET ANOTHER KISS FROM YOU,kæn aɪ gɛt ənʌðə kɪs frɒm juː
554,725,725,742,まっさーじそばやたらそーす,MY SEARCH IS OVER THE ALTER OF SOULS,maɪ sɜːʧ ɪz əʊvə ði ɔːltər ɒv səʊlz
555,726,726,743,さをよそう,SELL YOUR SOUL,sɛl jɔː səʊl
556,727,727,744,かみさまがぎょーざもかう,YOUR BROTHER'S IN THE CAR HIS GIRL'S IN THE CLUB,jɔː brʌðəz ɪn ðə kɑː hɪz gɜːlz ɪn ðə klʌb
557,728,728,745,なれてないちょすげぇくろい,NIGHT AFTER NIGHT JUST TO GET THROUGH THE WEEK,naɪt ɑːftə naɪt ʤʌst tuː gɛt θruː ðə wiːk
558,729,729,746,ねわざでぶないちゃう,THERE WAS A DAY WHEN I JUST,ðeə wɒz ə deɪ wɛn aɪ ʤʌst
559,730,730,747,みしていけや みしていけや みしていけっつっとろぉ,HE'S TAKEN HE'S TAKEN HE'S TAKEN HIS TOLL,hiːz teɪkən hiːz teɪkən hiːz teɪkən hɪz təʊl
560,731,731,748,こっちすわれねぇよ,GUCCI SWEATER NOW,gʊʧi swɛtə naʊ
561,732,732,749,それのんだらばやくなる,SAILIN' ON THE HIGHER GROUND,seɪlɪn ɒn ðə haɪə graʊnd
562,736,736,753,さいごのしるものめる,SIGN IT GONNA SEAL IT GONNA MAIL,saɪn ɪt gənə siːl ɪt gənə meɪl
563,737,737,755,きわたとうふまいた,MOMENT OF MY TIME,məʊmənt ɒv maɪ taɪm
564,738,738,756,ちくびしゃぶしゃぶ,TICKLED THEY CHERISH EVERY,tɪkld ðeɪ ʧɛrɪʃ ɛvri
565,739,739,757,おーれんきゅうだな,OH I'M NAKED AND I'M,əʊ aɪm neɪkɪd ænd aɪm
566,740,740,758,いんぽならちんぽになっとうえぇー,HE'S PULLING ON THE TRIGGER POINTED AT YOUR HEAD,hiːz pʊlɪŋ ɒn ðə trɪgə pɔɪntɪd æt jɔː hɛd
567,741,741,759,あのめろんのしるがまんてん,I'M THE MAN ON THE SILVER MOUNTAIN,aɪm ðə mæn ɒn ðə sɪlvə maʊntɪn
568,742,742,760,いたてえなこうもんどう,YOU DIDN'T COME UNDONE,juː dɪdnt kʌm ʌndʌn
569,743,743,761,びんびんいやらしい,BE REALITY,biː ri(ː)ælɪti
570,744,744,762,くじぼっきする,CAUSE YOU BOTH DESERVE,kɔːz juː bəʊθ dɪzɜːv
571,745,745,763,ばばあばばあばばあばばあどのこーすに,BYE BYE YOU'RE NO GOOD FOR ME,baɪ baɪ jʊə nəʊ gʊd fɔː miː
572,746,746,764,きっさてんでさよならきさくなぴえろ,GUESS I'D BETTER TELL YOU NOW GUESS I'D BETTER OBEY YOU LORD,gɛs aɪd bɛtə tɛl juː naʊ gɛs aɪd bɛtər əbeɪ juː lɔːd
573,747,747,766,へんなへいこうふんねえちゃん,HAND TO HAND ACROSS THE NATION,hænd tuː hænd əkrɒs ðə neɪʃən
574,748,748,767,こうもんこうもんこうもんひだり３つめ,COME ON COME ON COME ON YOU'VE GOT TO GIVE IT TO ME,kʌm ɒn kʌm ɒn kʌm ɒn juːv gɒt tuː gɪv ɪt tuː miː
575,749,749,768,にくあつでした,MIDWIFE'S A DISK DRIVE,mɪdwaɪfs ə dɪsk draɪv
576,750,750,769,ざぶとんはまだか,SIT WITH SOME BUT BUY UP SOME,sɪt wɪð sʌm bʌt baɪ ʌp sʌm
577,752,752,771,ねぼけてたつちんぽ,NEVER GET ME DOWN TO DEATH ROW,nɛvə gɛt miː daʊn tuː dɛθ rəʊ
578,753,753,772,はげのおれらへんだねー,I GET NO LETTERS IN THE MAIL,aɪ gɛt nəʊ lɛtəz ɪn ðə meɪl
579,754,754,773,ほんとうのしゅみふりすびー,COMING DOWN THE CHIMNEY RELEASE ME,kʌmɪŋ daʊn ðə ʧɪmni rɪliːs miː
580,756,756,775,あほだもんあさだるいありあんぜんえびあらいつらいでぶじゅーすかう,THE BOREDOM OF THE SOBER WEEK THIS WEEKEND IS HERE HIP HIP HOORAY TO MAKE THE BLUES JUST GO,ðə bɔːdəm ɒv ðə səʊbə wiːk ðɪs wiːkɛnd ɪz hɪə hɪp hɪp huːreɪ tuː meɪk ðə bluːz ʤʌst gəʊ
581,757,757,776,すでにそりゃあかおまちがえてます,SENDIN' THIS ONE OUT TO ALL MY DRINKERS,sɛndɪn ðɪs wʌn aʊt tuː ɔːl maɪ drɪŋkəz
582,758,758,777,なわにはうんこばっかり,NOW I'M HERE AND WON'T GO BACK BELIEVE,naʊ aɪm hɪər ænd wəʊnt gəʊ bæk bɪliːv
583,759,759,778,でまえはんぺんにかんぶり,THAT MIGHT HAVE MADE ME COMPLETE,ðæt maɪt hæv meɪd miː kəmpliːt
584,760,760,779,いたりあさいこうのぱすた,AND TELL THAT PSYCHO TO PASS THE,ænd tɛl ðæt saɪkəʊ tuː pɑːs ðiː
585,761,761,780,あーいたいゆびかめもっと,I'D DIE TO BECOME IMMORTAL,aɪd daɪ tuː bɪkʌm ɪmɔːtl
586,762,762,781,はままつがええねんいうの,I'M ABOUT TO GO AND THEN YOU'LL KNOW,aɪm əbaʊt tuː gəʊ ænd ðɛn juːl nəʊ
587,763,763,782,べんじょおなにー,BANJO ON MY KNEE,bænʤəʊ ɒn maɪ niː
588,764,764,783,てれくらかまくら,TELL THE GIRL A COMICAL LINE,tɛl ðə gɜːl ə kɒmɪkəl laɪn
589,765,765,784,とびだしたちんげ,STRONG ENOUGH TO CHANGE IT,strɒŋ ɪnʌf tuː ʧeɪnʤ ɪt
590,767,767,786,おれにはみそきみやさい,WOMAN YOU WANT ME SO GIVE ME A SIGN,wʊmən juː wɒnt miː səʊ gɪv miː ə saɪn
591,768,768,787,えちんぽにすぷれー,IT'S SIMPLE AND IT'S PLAIN,ɪts sɪmpl ænd ɪts pleɪn
592,770,770,789,いんろうでない,AIN'T NO DENYING,eɪnt nəʊ dɪnaɪɪŋ
593,774,774,793,きゅうにせきない,GIVE ME A SECOND I,gɪv miː ə sɛkənd aɪ
594,775,775,794,はまにいればろうかにちょうどおばとおじさん,HARMONY WILL AROUND LOOK AT EACH OTHER ALL THAT WAS LOST IS FOUND,hɑːməni wɪl əraʊnd lʊk æt iːʧ ʌðər ɔːl ðæt wɒz lɒst ɪz faʊnd
595,776,776,795,どーなつみはるおば,DON'T ASK ME HOW OR WHY,dəʊnt ɑːsk miː haʊ ɔː waɪ
596,777,777,796,あっちふゆうそう,WANTED FOR YOURSELF,wɒntɪd fɔː jɔːsɛlf
597,778,778,797,たった,DOCTOR,dɒktə
598,779,779,798,くずゆどれでしょう,CAUSE YOU DON'T LET IT SHOW,kɔːz juː dəʊnt lɛt ɪt ʃəʊ
599,780,780,799,たっきゅうさぁたっきゅうさぁたっきゅうさーさー,THANK YOU STOP THANK YOU  STOP THANK YOU STOP STOP,θæŋk juː stɒp θæŋk juː stɒp θæŋk juː stɒp stɒp
600,781,781,800,じけんだじけんだくびだけだ,SICKENED THIRST SICKENED THIRST KEEPS IT TOGETHER,sɪknd θɜːst sɪknd θɜːst kiːps ɪt təgɛðə
601,782,782,801,わらってごめんわらってごめんなぁごめんなもう,WHY DON'T YOU GO AWAY WHY DON'T YOU GO AWAY AND NEVER COME BACK NO MORE,waɪ dəʊnt juː gəʊ əweɪ waɪ dəʊnt juː gəʊ əweɪ ænd nɛvə kʌm bæk nəʊ mɔː
602,784,784,803,たなのうえ,TELLING THE WORLD,tɛlɪŋ ðə wɜːld
603,786,786,805,こうもんきれいだねきれいだね,COME ON TILL THE EVENIN' ENDS TILL THE EVENIN' ENDS,kʌm ɒn tɪl ði iːvnɪn ɛndz tɪl ði iːvnɪn ɛndz
604,787,787,806,のーぱんしけんにする,NOTHING SHE CAN EXPLAIN,nʌθɪŋ ʃiː kæn ɪkspleɪn
605,789,789,808,あけろむすこで,I COULD ALMOST GO THERE,aɪ kʊd ɔːlməʊst gəʊ ðeə
606,791,791,810,そういうけいさんはしていかない,SO IN CASE I'M MISTAKEN I,səʊ ɪn keɪs aɪm mɪsteɪkən aɪ
607,792,792,811,すりぬける,SOONER THE BETTER,suːnə ðə bɛtə
608,794,794,813,いいんじゃないすか,GIVIN' OUT A SPARK,gɪvɪn aʊt ə spɑːk
609,795,795,814,はげのにゅうりん,HANGING ON YOUR LEAD,hæŋɪŋ ɒn jɔː liːd
610,796,796,815,けいさつにはいうなよ,CAN'T SIT STILL I'M GROOVIN',kɑːnt sɪt stɪl aɪm gruːvɪn
611,797,797,816,あれはせれぶなひとびと,I NEVER SAID BUT I NEED TO BE TOLD,aɪ nɛvə sɛd bʌt aɪ niːd tuː biː təʊld
612,799,799,818,てぃっしゅてにばいてん,TEE SHIRTS AND eight by ten'S,tiː ʃɜːts ænd eɪt baɪ tɛnz
613,800,800,819,みみくそくうみみすませ,MADE ME FEEL SO GOOD MADE ME FEEL MYSELF,meɪd miː fiːl səʊ gʊd meɪd miː fiːl maɪsɛlf
614,801,801,820,おならきいてたねすいません,WOMAN I KEEP RETURNIN' TO SING THE SAME,wʊmən aɪ kiːp rɪtɜːnɪn tuː sɪŋ ðə seɪm
615,803,803,822,きざめほうれんそう,CAUSE I'M A HOPELESS WAN,kɔːz aɪm ə həʊplɪs wɒn
616,804,804,823,ぬったみそくったぼくら,NO TIME IS A GOOD TIME FOR GOODBYES,nəʊ taɪm ɪz ə gʊd taɪm fɔː gʊdbaɪz
617,805,805,824,かずのりろんときゅうしゅう, I GOT LIPS THAT LONG TO KISS YOU,aɪ gɒt lɪps ðæt lɒŋ tuː kɪs juː
618,807,807,826,おいしいわぎゅう,WE'LL SEE WHAT YOU,wiːl siː wɒt juː
619,808,808,827,せいべつふもんになった,SAVE IT TILL THE MORNING AFTER,seɪv ɪt tɪl ðə mɔːnɪŋ ɑːftə
620,809,809,828,えろぼんだぜんぶ,IN A HOTEL CHAMBER,ɪn ə həʊtɛl ʧeɪmbə
621,810,810,829,あのにいちゃんええまつたけ,I DON'T NEED TO HANG MY STOCKING,aɪ dəʊnt niːd tuː hæŋ maɪ stɒkɪŋ
622,812,812,831,いやがらせぴかっねむいわ,YOUNG GIRLS HAVE PICKED THEM EVERYONE,jʌŋ gɜːlz hæv pɪkt ðɛm ɛvrɪwʌn
623,813,813,832,わきげだわきげだ,WATCH HER GET DOWN,wɒʧ hɜː gɛt daʊn
624,814,814,834,なかにだれかいますか,TREACHERY PENETRATES MY SKIN,trɛʧəri pɛnɪtreɪts maɪ skɪn
625,815,815,835,だめさわっちゃだめ,DUMMY SUCH A DUMMY,dʌmi sʌʧ ə dʌmi
626,816,816,836,いなだはふりすびーちゅう,IN OTHER WORDS PLEASE BE TRUE,ɪn ʌðə wɜːdz pliːz biː truː
627,817,817,837,へいじつのでぃすこはきがるにおわってふろ,IS HE STRONG LISTEN BUD HE'S GOT RADIOACTIVE BLOOD,ɪz hiː strɒŋ lɪsn bʌd hiːz gɒt ˌreɪdɪəʊæktɪv blʌd
628,818,818,838,あおぞらでへいもろでぼっきした, I WANNA GO BACK AND GET MORE OF THAT FUNKY STUFF,aɪ wɒnə gəʊ bæk ænd gɛt mɔːr ɒv ðæt fʌŋki stʌf
629,819,819,839,めのまえあらびきうぃんなー,MANY MILES ARE BETWEEN US,mɛni maɪlz ɑː bɪtwiːn juːɛs
630,820,820,840,おまえらよそったらはやさよめしくえや,OH MY LOVE YOU'RE SO TIRED BUT YOU MUST THINK QUIET,əʊ maɪ lʌv jʊə səʊ taɪəd bʌt juː mʌst θɪŋk kwaɪət
631,822,822,842,ひざまずけあぁー,HE'S A VIRGIN KILLER,hiːz ə vɜːʤɪn kɪlə
632,823,823,843,あんこあまいよ,I'LL GO ON MY OWN,aɪl gəʊ ɒn maɪ əʊn
633,825,825,845,のりでふうしょはろう,NO NEED TO FEEL SO HOLLOW,nəʊ niːd tuː fiːl səʊ hɒləʊ
634,826,826,846,けさはちいさくねぇ,GUESS I WALKED TOO SOFTLY,gɛs aɪ wɔːkt tuː sɒftli
635,827,827,847,みなさんちゃーはん,MIDNIGHT SUN TIME,mɪdnaɪt sʌn taɪm
636,829,829,849,うーんまずおっぱいみたい,UH ONCE UPON A TIME,ʌ wʌns əpɒn ə taɪm
637,832,832,852,ぼくちんぽそうじけっこうやばいほんまくそう,TURN THE JUKEBOX ON GOOD GOD OH COME ON Y'ALL,tɜːn ðə ʤuːkbɒks ɒn gʊd gɒd əʊ kʌm ɒn jɔːl
638,833,833,853,あわびおなにーえいえーっ,OH I NEED IT ALL I NEED YEAH YEAH,əʊ aɪ niːd ɪt ɔːl aɪ niːd jeə jeə
639,836,836,856,べんきょうしてえ,MAKE YOUR STAND,meɪk jɔː stænd
640,837,837,857,ちんちんひっぱった,CHANGE IN HIM BUT CAN'T,ʧeɪnʤ ɪn hɪm bʌt kɑːnt
641,838,838,858,さいしょっぺぇー,SAY IT'S YOUR THING,seɪ ɪts jɔː θɪŋ
642,841,841,861,つめぎれってねえちゃん,TO MAKE A RESERVATION,tuː meɪk ə ˌrɛzəveɪʃən
643,842,842,862,あっちんぽなめる,I'VE TRAMPLED ON THAT ROAD,aɪv træmpld ɒn ðæt rəʊd
644,843,843,863,ないそくにつまる,WON'T YOU COME INTO MY ROOM,wəʊnt juː kʌm ɪntuː maɪ ruːm
645,844,844,864,だれあけてだれ,DOLLY I CAN TELL DOLLY,dɒli aɪ kæn tɛl dɒli
646,845,845,865,さんまでぼっきした,SOME OF THAT FUNKY STUFF,sʌm ɒv ðæt fʌŋki stʌf
647,846,846,866,ぼくのにいちゃんのぱんつ,FALL TO YOUR KNEES AND REPENT,fɔːl tuː jɔː niːz ænd riːpənt
648,847,847,867,へんしんおせえよ,HANDS TO YOURSELF,hændz tuː jɔːsɛlf
649,848,848,868,こおらすまゆげ,COLD AS I MIGHT HAVE GUESSED,kəʊld æz aɪ maɪt hæv gɛst
650,849,849,869,ゆのみのはば,YOU DON'T NEED NO LEATHER,juː dəʊnt niːd nəʊ lɛðə
651,850,850,870,いちにあでるあでるもう,IT SHOULD MEAN A LITTLE A LITTLE MORE,ɪt ʃʊd miːn ə lɪtl ə lɪtl mɔː
652,851,851,871,にゅーよーくのこいけさんががんばってない,LOOK NO FURTHER BOY 'CAUSE I GOT JUST WHAT YOU NEED,lʊk nəʊ fɜːðə bɔɪ kɒz aɪ gɒt ʤʌst wɒt juː niːd
653,853,853,873,あんまりのってないあすぱら,I MIGHT END UP IN THE HOSPITAL,aɪ maɪt ɛnd ʌp ɪn ðə hɒspɪtl
654,855,855,875,おにぎりあるであとごじゅうろっこ,MORNING KICKS ME OUT OF BED I STUMBLE TO THE FLOOR,mɔːnɪŋ kɪks miː aʊt ɒv bɛd aɪ stʌmbl tuː ðə flɔː
655,856,856,876,たなのうらにおっさんいるっぽい,TURN IT AROUND YES I'M WAITING FOR YOUR,tɜːn ɪt əraʊnd jɛs aɪm weɪtɪŋ fɔː jɔː
656,858,858,878,つめにたいなわ＆たま,TOO MANY TIMES NOW I'M DETERMINED,tuː mɛni taɪmz naʊ aɪm dɪtɜːmɪnd
657,859,859,879,けつからぽすたー,CAN'T STOP WON'T STOP,kɑːnt stɒp wəʊnt stɒp
658,860,860,881,あふりかまなんで, I FORGOT MAN I'M DEAD,aɪ fəgɒt mæn aɪm dɛd
659,862,862,883,からあげがとんでる,GOTTA GET BACK HOME TO YOU,gɒtə gɛt bæk həʊm tuː juː
660,863,863,884,よびこうあっびこう,Y'ALL RECORD I RECALL,jɔːl rɛkɔːd aɪ rɪkɔːl
661,864,864,885,いまでてんぐがばどみんとん,LAME BODY THING WE NO BOTHER WITH THAT,leɪm bɒdi θɪŋ wiː nəʊ bɒðə wɪð ðæt
662,865,865,886,がりべんがりべんがりべんあんぱんとちゅうちゃ,GOT IT BED GOT IT BED GOT IT BED I'M HOT FOR TEACHER,gɒt ɪt bɛd gɒt ɪt bɛd gɒt ɪt bɛd aɪm hɒt fɔː tiːʧə
663,866,866,888,わーおっちゃんかおもいいよさんにちでしぬの,WHY WON'T YOU COME OVER HERE WE'VE GOT A CITY TO LOVE,waɪ wəʊnt juː kʌm əʊvə hɪə wiːv gɒt ə sɪti tuː lʌv
664,867,867,889,ようせつめんせつ,NO SENSE MAKES SENSE,nəʊ sɛns meɪks sɛns
665,868,868,890,やっちゃったね,LEFT IN CHARGE TO DOMINATE,lɛft ɪn ʧɑːʤ tuː dɒmɪneɪt
666,869,869,891,べんじょだより,READ YOUR DIARY,riːd jɔː daɪəri
667,870,870,892,あーみみうまい,I ME ME MINE,aɪ miː miː maɪn
668,872,872,895,あびるぞよわったな,I FEEL AS THOUGH YOU OUGHT TO KNOW,aɪ fiːl æz ðəʊ juː ɔːt tuː nəʊ
669,873,873,896,きたきゅうしゅう,KICK OFF YOUR SHOES,kɪk ɒf jɔː ʃuːz
670,874,874,897,いっかいめよんかいめきゅうかいめ,HEY BABY WHOA BABY PRETTY BABY,heɪ beɪbi wəʊ beɪbi prɪti beɪbi
671,875,875,899,ななじかんあっかんべー,NOW THAT YOU GONE I CAN BREATHE,naʊ ðæt juː gɒn aɪ kæn briːð
672,876,876,900,つめにほんこん,TOO MANY PHONE CALLS,tuː mɛni fəʊn kɔːlz
673,878,878,902,あまさんじゃんまたじゃんまたじゃん,ARE MY SUNSHINE MY SUNSHINE MY SUNSHINE,ɑː maɪ sʌnʃaɪn maɪ sʌnʃaɪn maɪ sʌnʃaɪn
674,879,879,903,だいぶつとおる,DYKE BITCHES TOTAL,daɪk bɪʧɪz təʊtl
675,880,880,904,らーめんにすくわれるじゅけんせい,RHYMIN' AND STEALIN' IN A DRUNKEN STATE,raɪmɪn ænd stiːlɪn ɪn ə drʌŋkən steɪt
676,882,882,906,じゅうえんじりへ,YOU WILL SEE THE END,juː wɪl siː ði ɛnd
677,883,883,907,ゆかつまんねぇ,YOU'VE GOT TO MANAGE,juːv gɒt tuː mænɪʤ
678,884,884,909,いっとけそうろうやばいな,IT TOOK ME SO LONG TO FIND OUT,ɪt tʊk miː səʊ lɒŋ tuː faɪnd aʊt
679,886,886,911,ひらいてこうもんみた,HE'D LIKE TO COME AND MEET US,hiːd laɪk tuː kʌm ænd miːt juːɛs
680,887,887,912,あしよりみみよ,I SAY ALUMINIUM,aɪ seɪ ˌæləmɪniəm
681,889,889,914,うつせぶりーふはほうえい,WOULD SIMPLY FLY AWAY,wʊd sɪmpli flaɪ əweɪ
682,891,891,916,こいつはかしてもちりがみだろ,THE CLOSEST TO A COW SHE'D BEEN WAS EATING AT McDONALD'S,ðə kləʊsɪst tuː ə kaʊ ʃiːd biːn wɒz iːtɪŋ æt məkdɒnldz
683,893,893,918,ゆびがとまるゆびがとまるがとまる,YOU'LL BE GONE TOMORROW GONE TOMORROW,juːl biː gɒn təmɒrəʊ gɒn təmɒrəʊ
684,895,895,921,いっしゅんしあわせふうにみえる,YOU SHOULD SEE YOURSELF IN THE MIRROR,juː ʃʊd siː jɔːsɛlf ɪn ðə mɪrə
685,896,896,922,たちしょんまん,TOUCHES YOUR MOUTH,tʌʧɪz jɔː maʊθ
686,898,898,925,あたしべんとううすいあたしべんとうくろいあたしべんとうちー,A NATION BUILT ON SWEAT A NATION BUILT ON BLOOD A NATION BUILT ON DREAMS,ə neɪʃən bɪlt ɒn swɛt ə neɪʃən bɪlt ɒn blʌd ə neɪʃən bɪlt ɒn driːmz
687,899,899,926,ままにあわなぱんつないちんちんみんですかい,MY MONEY ON A PAWN TONIGHT A CHANGE CAME IN DISGUISE,maɪ mʌni ɒn ə pɔːn tənaɪt ə ʧeɪnʤ keɪm ɪn dɪsgaɪz
688,901,901,928,しょうゆをとろうとした,SO YOU WANT THE WORLD TO STOP,səʊ juː wɒnt ðə wɜːld tuː stɒp
689,902,902,929,めしがさびしい,MISSY NOW SERVICE ME,mɪsi naʊ sɜːvɪs miː
690,903,903,930,みんなちゃのまへすぐたってあとばあちゃんまんじゅうくえ,WHEN I CHANNEL MY HATE TO PRODUCTIVE I DON'T FIND IT HARD TO IMPRESS,wɛn aɪ ʧænl maɪ heɪt tuː prədʌktɪv aɪ dəʊnt faɪnd ɪt hɑːd tuː ɪmprɛs
691,904,904,931,あせるおっちゃんあいらいん,I SAID WATCH OUT I AIN'T LYING,aɪ sɛd wɒʧ aʊt aɪ eɪnt laɪɪŋ
692,905,905,932,しがだびんご,SHE GOT THE BIG GUNS,ʃiː gɒt ðə bɪg gʌnz
693,906,906,933,あぶらひしゃとせんてんぼう,FOUND THE LOVE THAT WE SHARED IN SEPTEMBER,faʊnd ðə lʌv ðæt wiː ʃeəd ɪn sɛptɛmbə
694,907,907,934,ゆびをぺろぺろぺろゆびをなめてあらうゆびをぺろぺろぺろゆびをなめてあらう,YOU FEEL BETTER BETTER BETTER WILL YOU FEEL ANYTHING AT ALL,juː fiːl bɛtə bɛtə bɛtə wɪl juː fiːl ɛnɪθɪŋ æt ɔːl
695,908,908,935,たけるたけるぼでぃこんのしょうちゅうだ,TACK IT UP TACK IT UP BUDDY GONNA SHUT YOU DOWN,tæk ɪt ʌp tæk ɪt ʌp bʌdi gənə ʃʌt juː daʊn
696,909,909,936,ていきいれにもあけ,TAKE IT ANYMORE I CAN'T,teɪk ɪt ˌɛnimɔːr aɪ kɑːnt
697,910,910,937,てこのげんり,TAKE A LOOK AT THESE,teɪk ə lʊk æt ðiːz
698,911,911,938,ちょっとまってこうちゃがめっちゃやすい,TEMPERED BY THE CRAFT OF A VITREOUS MOON,tɛmpəd baɪ ðə krɑːft ɒv ə vɪtrɪəs muːn
699,912,912,939,かまないとやばい,COMING LIVE FROM FA,kʌmɪŋ lɪv frɒm fɑː
700,913,913,940,しりしりしりしりしりしりこうもん,CITY THE CITY THE CITY THE CITY THE CITY THE CITY C'MON,sɪti ðə sɪti ðə sɪti ðə sɪti ðə sɪti ðə sɪti k(ə)mɒn
701,914,914,941,うわーめしおれふすまじゃし,WISE MEN SAY ONLY FOOLS RUSH IN,waɪz mɛn seɪ əʊnli fuːlz rʌʃ ɪn
702,915,915,942,わかめにじかんかじった,WALLS OF RELIGION COME CRASHING DOWN,wɔːlz ɒv rɪlɪʤən kʌm kræʃɪŋ daʊn
703,916,916,943,はなとみみからちがでる, I RECOMMEND WE BATTLE TO THE BITTER END,aɪ ˌrɛkəmɛnd wiː bætl tuː ðə bɪtər ɛnd
704,917,917,944,おつりくださいあーわすれた,WATCH ME CLOSELY I WILL STAND UP,wɒʧ miː kləʊsli aɪ wɪl stænd ʌp
705,918,918,945,むしゃめいどしみんつぎはおしょう,LOOKS CAN BE DECEIVING SEE BEYOND THE SHELL,lʊks kæn biː dɪsiːvɪŋ siː bɪjɒnd ðə ʃɛl
706,919,919,946,れんこんてにおんなぶろ,THAN CONFETTI ON THE FLOOR,ðæn kənfɛti(ː) ɒn ðə flɔː
707,920,920,947,いしよんでいしよんでいしよんで,IS SHE OUT THERE,ɪz ʃiː aʊt ðeə
708,921,921,948,なんぱまち,ROUND FOR MY SHOES,raʊnd fɔː maɪ ʃuːz
709,922,922,949,そろばんにひるむな,SHRAPNEL FLIES DEHUMANIZE,ʃræpnl flaɪz diːhjuːmənaɪz
710,923,923,950,ちんこにさいたばら,FEELING COLD INSIDE ABOUT WHAT I,fiːlɪŋ kəʊld ɪnsaɪd əbaʊt wɒt aɪ
711,924,924,951,あたりはびんぼうにんです, I THOUGHT IT WOULD BE FUN AND GAMES,aɪ θɔːt ɪt wʊd biː fʌn ænd geɪmz
712,925,925,952,これほしいめちゃほしい,PRIVACY AND INTIMACY,prɪvəsi ænd ɪntɪməsi
713,926,926,953,めにごみそばにほおずき,WAITING ALL THESE SOMEBODY HOLDS THE KEY,weɪtɪŋ ɔːl ðiːz sʌmbədi həʊldz ðə kiː
714,927,927,954,まにあわないまにあわない,MONEY ON MY MIND,mʌni ɒn maɪ maɪnd
715,928,928,955,かあさんてぃっしゅてぃっしゅにくり,CLAWS LIKE THIS IN THIS SYMMETRY,klɔːz laɪk ðɪs ɪn ðɪs sɪmɪtri
716,930,930,957,いきどまりのかっぷめん,IF YOU DON'T MIND THE COMPLIMENT,ɪf juː dəʊnt maɪnd ðə kɒmplɪmənt
717,931,931,958,あーせっけんふろおけふるちんまえにいるちるどれんとうちゃんつりせん,OH SICKENED BROKEN BLOOD SHED MURDER YOU'RE CHILDREN TORTURE TREASON,əʊ sɪknd brəʊkən blʌd ʃɛd mɜːdə jʊə ʧɪldrən tɔːʧə triːzn
718,932,932,959,ようわからん,YO I GOT A,jəʊ aɪ gɒt eɪ
719,933,933,960,じゅうえんだまのれきし,TO WEED THE WORLD OF THEIR DISEASE,tuː wiːd ðə wɜːld ɒv ðeə dɪziːz
720,934,934,961,はれふとんだよふっとんだよ,A RE TRUTH DON DIE O TRUTH DON DIE O,ə riː truːθ dɒn daɪ əʊ truːθ dɒn daɪ əʊ
721,935,935,962,どいつじんじゅうごてん,THOUGH IT'S EASY TO PRETEND,ðəʊ ɪts iːzi tuː prɪtɛnd
722,936,936,963,てんちょうまよってんのかい,TEMPTATION A FIRE SET AFLAME,tɛmpteɪʃən ə faɪə sɛt əfleɪm
723,938,938,965,いみはない,GIMME ONE NIGHT,gɪmiː wʌn naɪt
724,939,939,966,ちばちばちばきばこいわ,SHE BOP HE BOP A WE BOP,ʃiː bɒp hiː bɒp ə wiː bɒp
725,940,940,967,かんぴょうはすげぇぞかんぴょうはすげぇぞ,CLAP YOUR HANDS TOGETHER,klæp jɔː hændz təgɛðə
726,941,941,968,れんだれんだこうもんれんだぼね,"RAIN DOWN, RAIN DOWN COME ON RAIN DOWN ON ME","reɪn daʊn, reɪn daʊn kʌm ɒn reɪn daʊn ɒn miː"
727,942,942,969,とうろうにちんすこうちんすこう,TOLL ON ME SHE'S GONE,təʊl ɒn miː ʃiːz gɒn
728,943,943,970,だめだめだめだめやめてよそのて,LET ME LET ME LET ME LET ME TELL YOU SOMETHIN',lɛt miː lɛt miː lɛt miː lɛt miː tɛl juː sʌmθɪn
729,944,944,971,あらそっているあいだに,ON A SUNDAY MORNING,ɒn ə sʌndeɪ mɔːnɪŋ
730,946,946,973,めだたないどあ,MAN I THOUGHT I'D SEEN IT ALL,mæn aɪ θɔːt aɪd siːn ɪt ɔːl
731,947,947,974,あゆもってすんまへんさんまもってすんまへん,I HEAR VOICES IN MY HEAD SOMEONE'S VOICE IS IN MY HEAD,aɪ hɪə vɔɪsɪz ɪn maɪ hɛd sʌmwʌnz vɔɪs ɪz ɪn maɪ hɛd
732,949,949,976,よくあるといえばよくある,YOU GOT IT BABE YOU GOT IT,juː gɒt ɪt beɪb juː gɒt ɪt
733,950,950,977,あくれくれいいぜくれいいぜべいびーあくれくれいいぜ, I GO CRAZY CRAZY BABY I GO CRAZY,aɪ gəʊ kreɪzi kreɪzi beɪbi aɪ gəʊ kreɪzi
734,951,951,978,あまいるよあまりんごあるよ,I'M AN ALIEN I'M A LEGAL ALIEN,aɪm ən eɪliən aɪm ə liːgəl eɪliən
735,952,952,979,ひざのわるいやつ,SHE'S OUT IN THE AUDIENCE,ʃiːz aʊt ɪn ði ɔːdiəns
736,953,953,980,のーぎゃらろうば,NO GETTING OVER,nəʊ gɛtɪŋ əʊvə
737,954,954,981,うぃんなーほうけい,WIND AND HURRICANE,wɪnd ænd hʌrɪkən
738,955,955,982,ちちちちちちをゆらしてちちちちちちをゆらしてちちちちちちをゆらしてをゆらして,MISS JACKSON ARE YOU NASTY,mɪs ʤæksən ɑː juː nɑːsti
739,956,956,983,けんにょうけんにょうけんにょうけんにょうしっぱいした,DEAD GIRL DEAD GIRL SUPERSTAR,dɛd gɜːl dɛd gɜːl suːpəˌstɑː
740,957,957,984,ばれーぶにおこられた,BY LEAVING ME A CARD OR A LETTER,baɪ liːvɪŋ miː ə kɑːd ɔːr ə lɛtə
741,959,959,986,のぼれのぼれのぼらへん,OVER AND OVER AND OVER AGAIN,əʊvər ænd əʊvər ænd əʊvər əgɛn
742,960,960,987,ついちゃってるし,TEARDROP TO THE SEA,tɪədrɒp tuː ðə siː
743,961,961,988,みちにのうふうふ,BETCHA DIDN'T KNOW WOO HOO,bɛʧə dɪdnt nəʊ wuː huː
744,962,962,989,ひろしのうえにふいにのれ,KEEP YOUR CHIN UP WHEN YOU'RE FEELING LONELY,kiːp jɔː ʧɪn ʌp wɛn jʊə fiːlɪŋ ləʊnli
745,963,963,990,どうていさんびょうあー,DARK DEPTHS OF YOUR MIND,dɑːk dɛpθs ɒv jɔː maɪnd
746,964,964,991,うずらなんだってぜんぶ,WAS A LONG AND DARK DECEMBER,wɒz ə lɒŋ ænd dɑːk dɪsɛmbə
747,965,965,992,おなじみせ,I WANT YOU TO SAY,aɪ wɒnt juː tuː seɪ
748,966,966,993,ぱんちするふり,PINE TREES REAL PRETTY,paɪn triːz rɪəl prɪti
749,967,967,994,ひらかん,AT CLUB,æt klʌb
750,968,968,995,いつだってびわこ,IT'S GOT TO BE HARD CORE,ɪts gɒt tuː biː hɑːd kɔː
751,969,969,997,ゆかぼんどだべんちはろーしょん,YOU CAN PAWN TO PERPETUAL MOTION,juː kæn pɔːn tuː pəpɛʧʊəl məʊʃən
752,970,970,998,さわっちゃうぶちょうはじる,SO I TRY PUT YOUR HANDS IN THE,səʊ aɪ traɪ pʊt jɔː hændz ɪn ðiː
753,971,971,999,つるしつるしつるすこ,TO THE SEA TO THE SEA TILL IT'S GONE,tuː ðə siː tuː ðə siː tɪl ɪts gɒn
754,972,972,1000,あもっとぼーなすない, I WENT TO WAR LAST NIGHT,aɪ wɛnt tuː wɔː lɑːst naɪt
755,974,974,1003,あんかれーまめばばあ, I CAN'T EVEN BE BOTHERED,aɪ kɑːnt iːvən biː bɒðəd
756,975,975,1005,ぼうけんちゅうし,BROKEN TUESDAY,brəʊkən tjuːzdeɪ
757,976,976,1006,あたいはいわなのっ, I'LL TELL YOU WHAT YOU WANT TO KNOW,aɪl tɛl juː wɒt juː wɒnt tuː nəʊ
758,977,977,1007,おなじですねおなじざっしおなじじょうほう,RELIGION IS RAPE RELIGION'S OBSCENE RELIGION'S A WHORE,rɪlɪʤən ɪz reɪp rɪlɪʤənz ɒbsiːn rɪlɪʤənz ə hɔː
759,978,978,1009,ゆびいっぽんふんだ,IF HE PUT HER DOWN,ɪf hiː pʊt hɜː daʊn
760,979,979,1011,ぼくだけそん,POLKA-DOT DRESS ON,pɒlkədɒt drɛs ɒn
761,980,980,1012,ゆうぐれのまちあんなによったんよあー,YOU PUT A HAND ON MY CHEEK AND THEN YOU TURNED YOUR EYES,juː pʊt ə hænd ɒn maɪ ʧiːk ænd ðɛn juː tɜːnd jɔːr aɪz
762,981,981,1013,おやつにこれたべてぇ,I HAVE ANY YOU GOT TO COVER THAT,aɪ hæv ɛni juː gɒt tuː kʌvə ðæt
763,982,982,1015,あまぁちんこはでかそう,HAVE A DRINK GO ON TAKE A SUP,hæv ə drɪŋk gəʊ ɒn teɪk ə sʌp
764,983,983,1016,えなめるおすまま,AND I NEARLY LOST MY MIND,ænd aɪ nɪəli lɒst maɪ maɪnd
765,984,984,1017,むすこのがっこうにあわてたかあちゃんだ,THIS IS WHAT IT'S LIKE WHEN IT HAPPENS EVERY GODDAMN DAY,ðɪs ɪz wɒt ɪts laɪk wɛn ɪt hæpənz ɛvri gɒddæm deɪ
766,986,986,1019,きなこなめる,CARE NOT FOR THE MEN WHO,keə nɒt fɔː ðə mɛn huː
767,987,987,1020,らいすにのってるちゃんじゃとらーど,RISING UP TO THE CHALLENGE OF OUR RIVAL,raɪzɪŋ ʌp tuː ðə ʧælɪnʤ ɒv aʊə raɪvəl
768,988,988,1021,てあしはちほんなの,DEAD I'VE SEEN IT HAPPEN I KNOW,dɛd aɪv siːn ɪt hæpən aɪ nəʊ
769,990,990,1023,ひらがなひろし,SHIT I GOTTA HEAD RUSH,ʃɪt aɪ gɒtə hɛd rʌʃ
770,991,991,1024,ぶらりやってきてげっしゅう3まんえん,THE BLOOD OF VICTIMS GUSHES ON MY HANDS,ðə blʌd ɒv vɪktɪmz gʌʃɪz ɒn maɪ hændz
771,992,992,1025,めしがめしがめしがにげる,BUT SHE GOT ME SHE GOT ME SHE GOT ME YEAH,bʌt ʃiː gɒt miː ʃiː gɒt miː ʃiː gɒt miː jeə
772,993,993,1026,なつこむらでねぇのか,LET'S CALL IT A DAY LITTLE GIRL,lɛts kɔːl ɪt ə deɪ lɪtl gɜːl
773,994,994,1027,わっちゃったごういんに,WATCH OUT NOW I'M GOING IN,wɒʧ aʊt naʊ aɪm gəʊɪŋ ɪn
774,996,996,1029,しょうぎみてほがない,STALKING VICTIMS THROUGH THE NIGHT,stɔːkɪŋ vɪktɪmz θruː ðə naɪt
775,997,997,1030,なぜならさん,NOW THERE'S NOT A SOUND,naʊ ðeəz nɒt ə saʊnd
