,japanese,english
0,こぶへい,PURPLE HAZE
1,わしゃやめられん ,WATCH THE YOUNG MAN RUNNIN'
2,あーすいません,I        SEE MYSELF
3,とまりがはっせんえん,SOMEBODY IN THE HOUSE SAY YEAH
4,ばかだもん,BARK AT THE MOON
5,ぬりかべよ,RUDIE CAN'T FAIL
6,てらおじゅんじ,THELA HUM GINJEET
7,のものものものものものものも,NO MORE NO MORE NO MORE NO MORE NO MORE NO MORE NO MORE
9,ぎろっぽんひろおなぎろっぽんひろおな,"GET UP, GET ON UP GET UP, GET ON UP"
10,ひっこしひっこしひっこしひっこしだー,"KEEP PUSHIN, KEEP PUSHIN, KEEP PUSHIN, KEEP PUSHIN, ON"
11,ゔぃとん の ばっぐ ゔぃとん の ばっぐ ゔぃとん の ばっぐ ,BEAT ON THE BRAT BEAT ON THE BRAT BEAT ON THE BRAT
12,はざまけんじ,FATHER MCKENZIE
14,ほらすてきなねえちゃんだやらせろー,OR A SPECK AN ANGEL'S DUST AND LUST TO LUST
15,つるべつるべつるべ ,LITTLE BIT. LITTLE BIT. LITTLE BIT.
16,こうもんこうもんこうもんこうもん,COME ON
17,しゃりしゃりしゃりだ,SHOUT IT SHOUT IT SHOUT IT OUT
18,ひかるいっぺい,GOT        IT BED 
19,いいなさいじゅでぃおんぐもっといっていいよ,YEAH LET'S PLAY CARRY ON WHAT'S THE DEAL
20,おおたけはらたつだれだって,OH TAKE IT BITE THE DUST BITE THE DUST YEAH
21,ふたりはぱんちぱーま,MY DADDY WAS A BANKROBBER
22,うしろのしょうめんたもり,PUSHING AND SHOVING WANT NO LIP
23,だれのらくがきこまるぜ,THERE AIN'T NO DOCTOR THAT CAN CURE MY        DISEASE
24,くせーくせーくせーくせーくせーくせーくせーくせーくせーどあのまえやっぱくせーよべんじょ,"SAD SAD SAD,SAD SAD SAD,SAD SAD SAD,BUT        YOU'RE GONNA BE FINE THE ELEPHANT'S IN THE BEDROOM"
25,はよきにゅうせい,HOW        CAN YOU SAY
26,しょんべんおわったあははは,JOY BANG ONE TIME
27,あおもりけん,I KNOW WE CAN
29,がんばれたぶち,GUNPOWDER GELATINE
30,くじゅうくりはまにいこうぜぃ,COULD YOU COME ANY CLOSER
31,ちよだせいめいにいこう,TILL        THE SANDMAN HE COMES
32,つちひばーげんせーるぜんぶうるぜすてねでいい,DROWNING DEEP DEPRIVE THEMSELVES DAMNED TO LOSE THEIR SANITY
33,このやろーくすぐってぇー,COME ON NOW LOVE DON'T        YOU LOOK BACK
34,ろーとせいやくろーとせいやく,LOVE FOR SALE LOVE FOR SALE
35,おいっぺんかきねんがじょうどこにいった,"OY, VENGA        AQUI, VENGA ALLA, TU BONITA"
36,まちがえた,DID YOU GET THAT
37,おうむとばりかん,ON        WITH THE BODY COUNT
38,けったのねかもね,GET        DOWN ON IT COME ON AND
39,めざしやのおんなとはだかでぐしょんぐしょん,THERE'S        A SHADOW ON THE DOOR OF COTTAGE ON THE SHORE
40,いっちょうめでいいぜ,YA        DON'T MAKE IT EASY
41,えつこのぼにゅうだ,IT'S        GONNA BRING YOU DOWN
42,せんがせんがせんがうーぬけねぇ,SAME GUY SAME GUY SAME GUY WHO'S LOOKIN
43,わらっちゃったな ,WAS THAT JUST A LIE
44,らいねんまたあうぞ,NINE        AND ONE THOUSAND
45,あそぶでぶ,I SAW THE DEVIL
46,おかもとたろう,CALVO SOTELO
47,このたねいいすからへいらっしゃい,WOMAN' IN THE EAST WITH HER HEADLIGHT SHININ'
48,おれでかまら,OLERE CAMARA
49,がんばるわいわらんわいべらんめえー,GOTTA        FIND A WAY TO FIND A WAY WHEN I'M THERE
50,あほってすてきね,OUT IN THE STICKINESS
51,おはようございやす,I        ALWAYS ASK
52,たかすくりにっく,DON'T SUCK IT SECRET
53,まったり,MACK DADDY
54,ありならんでる,I NEED A RENDEZVOUS
55,おいしゃさんおいしゃさんうちのこみてくれ ,WATCH THAT SIDE WATCH THAT SIDE EVERYTHING GONNA BE DEAD AND BRIGHT
56,のむらよっちゃん,NO MORE OF YOUR DARK
57,ふるちんでどうもすいません,ROUTINE DAYS ALL SEEM THE SAME
58,きゃべつだいきらい,CAPITAL        RADIO ONE
59,けがたっちゃう ,CAN        I TOUCH YOU
60,ものすごいいろっぽい,WHAT IS IT CAUGHT IN A MOSH
61,しんじゃったしんじゃった,SHE'S JUST A  SHE'S JUST A
62,あにがとってくえとさらだもらったぜ,AY NINA.NO TE ENCUENTRO SOLITA POR LA CALLE
63,あんたらはちがうあんたらはちがう,I DUNNO WHAT SHE GOT
64,よしおちゃん はっくしょんちくしょーい,YOU'RE SUCH A- YOU'RE SUCH A HOT TEMTATION
65,のうきょうぎゅうにゅう,DON'T STOP DANCIN'
66,そうどろぼう,SO ADORABLE
67,ふざけるなばかだるーふざけるなばかだるー,WHO'S THAT KID IN THE BACK OF THE ROOM
68,へんなぱん,IN THE BON
69,うっちがぶーっあいたーっ,BURNS IN MY VEINS ANGER
70,さんじゅっさいががなんぼだというねや,FINALLY DECIDED WHAT I WANT TO DO NOW
71,すぐひっこむの,FEEL THE HEART COMIN' ON
72,ないとうちん,LIKE THE TEARS
73,あっいかんしょうゆは,I        CAN SHOW YOU THE WORLD
74,おなかがあいたよまま,ALL I GOTTA SAY TO        YOU WOMAN
75,おっぱいぽろりん,A FIGHT FOR LOVE AND
76,そんなにつっちゃだめ,SOMEBODY        TOOK OUR GOD AWAY 
77,ばあさんからぶり,WALLS        ARE GONNA BREAK
79,いゃんなってくるぜまったく,DAMN.        THAT FOOD SMELLS GOOD
80,んすきんすきっは,ONN S'QUITTE ON S'QUITTE PAS
81,おーぱつきんばかり,BUCKSKIN' BUCCANEER
82,さなだむし,SON        OF A BITCH
83,ともだちだっていいにくい,YOU        THOUGHT TOU HAD GOT ME IN YOUR GRIP
84,おやすいです,OH.        YES IT IS
85,あがちょーん,I GOT YOUR
86,すっげーせまいへや,SUITCASE IN MY HAND
87,ごいんきょ,WAKE UP 
88,ほぅそうですねぃへへへっ,HOLE SO TO SPEAK
89,あぁにしにほん,"OH, HERE SHE COMES"
90,あまえてましぇーん,I'M        NOT TAKIN' A SHIT
91,いいねーおなにーおなにーおなにーいいいいっすねー,BE THERE ALL I NEED ALL I NEED ALL I NEEEED IS SOME AIR
92,おまえもしょせんでぶさ,ALL MY EMOTIONS HIDDEN DEEP INSIDE
93,ごめんごめんなーいいえー,"COME IN COME IN A, YEAH"
94,おーわかったわかった,WOW. I GOT GOT
95,うぃーっす,YES
96,あーべんとうほんとうなんですすこしののりのおおきさですほうれんそういかとなっとうそうめんやーべぇー,HOLD THE PICKLES        HOLD THE LETTUCE SPECIAL ORDERS DON'T UPSET US ALL WE ASK        IS THAT YOU LET US SERVE IT YOUR WAY
97,すいません,SING MY SELF
98,らりってきた ,LIE DETECTOR
99,わたしはしんだ ,GOD BLESS YOU BOB SEE - YA
100,きしょうきしょうきしょう,SHOCK
101,ここよけっきょくここよ,COO COO U I THINK YOU'RE COO COO U
102,ちんぽまっくろでしょう,SHE        PUT         MY COOL IN SHOCK
103,そしてつかまる,SONST GIBT'S KRAWALLE
104,うわぁーせいびょうー,AH SAVIOR
105,ろっこつぽきりつうーいろっこつぽきりつうーい,LOOK        WHAT YOU FUCKING DID
106,すなもれた,SOONER OR LATER
107,あっにゅうりんきょにゅうっすね ,UNYIELDING        CONDITIONING
108,らーめんにどくが ,LA MER EST ENCORE LA
109,いっさいですたい,INSIDE THE STATE
110,つんとねつんとねわさびつんとね,THUNTSHWANE THUNTSHWANE BASADI THUNTSHWANE
111,ねげろ,THINK IT OVER
112,おぉすげぇー ,OH SUCK IT
113,りぽびたん,LOOK WHAT WE'VE DONE
114,たけししゃがまない,"TALK IS CHEAP, SHUT UP AND DANCE"
115,よしださんかんしゃにくる ,YOU'LL        SEE THE SUN COME SHINNING THROUGH
116,いちまんえんにまんえんまけられるかい,IT'S        A MILE A RIZE. LEAVE IT A RAZE. WORKING ON THAT TRAIN
117,ふじごこ,WHO YOU GON CALL
118,なにをおすとでるー ,I'M NOT YOURS FOR        BETTER
119,ないりんさ,NOW HEAR THIS
120,いっせーのでわらわす,HE SAVE EVERYONE OF US
121,かさないいいじゃない,CAUSE TONIGHT IS THE NIGHT
122,はぬくぞ,HIGH NOTE        CAUSE'
123,してほしいわ,SHE-DO-SHE-        BOP-SHE-BOP
124,でっけーなー ,THEY        CAN NOT
125,あせくせー,OF SUCCESS
126,たんすにごん,DANCE        ME. GO
127,みんなでいっしょに ,AIN'T        THAT A SHAME
128,みせて,IS A        DAY
129,まんげもうすげーな,MIND        GAMES TOGETHER
130,とかちゃーん,TORMENTOR
131,わかってるいてっわかってるいてっわかってるよー,WELCOME TO YOUR DEATH
132,こざかしいったいどとるからねっ,CORPSE        YET CONCEIVED TIGHTEN. THE TOURNIQUET AROUND YOUR NECK
133,あさぱぱねむーい,JUST DA. PIMPIM' IN        ME
134,こどものおしっこ,GOT A MOTORCYCLE
135,はとさぶれー,BUT WITH SOMEONEELSE
136,うんこみろ,WOOP. COMING IT UP
138,ガチャピンですか ,BUT GOD'S UP IN THE        SKY
139,すーぴんふりてん,SIMPLY PRETEND
140,おじょうさんながいじんせいふみいそぐなっぺ,OR JUST SOME MAGAZINE SAY. COULD BE IT'S SOME LOST FRIEND
141,おばたりあーん,OOH BACALIA
142,ねぇせんせいえんかっぽい,UNNECESSARY        INCOMPLETE
143,こうずいだー ,ECHOES IN THE
144,あのときなめればよかった ,LOOKED        UP YOUR NUMBER IN MY ADDRESS PAD
145,ちんぽこぐったりしてるね,C'E POCCO GUTTARE RESTERNE
146,ちんこだせ,CHIN COULDA SING
147,とべとべじゃいあん,DOUGY-DOUGY         GIRO
148,おくさまほてるひるまでいくら,OUTSIDE MY HOTEL WINDOW. I HEAR THE MARDI GRAS.
149,たのしいなつりそっちきんし,THE        MACHINE OF A DREAM. SUCH A CLEAN MACHINE
150,ずらはずそう,DO        THE HUSTLE
151,めがねにあう,MEGAROMANIA
152,さのしろうあそびたーい,SON OF SHEBA I SAW HIM DROWN
153,ぱぱやれいもぎりままさぼる,PART        BIONIC AND ORGANIC NOT A CYBORG
154,べっぴんさんちょっとえっち,FEND        FOR YOURSELF. AND SHUN THE HANDSHAKE
155,そーいやーばあちゃんようつうでしょー,"SO YOUNG,THAT YOUNG YOUR TRUE THE SHARE"
156,ちくびあんたまっくろ,SHE COULD BE ANOTHER CRONE
157,こもちでしょこもちでしょ,COME        AND SEE THE SHOW
158,やめてえや,LET ME TELL YA
159,あそこきもちいいがまんするもうだめ,I WOKE UP.         CAN'T WAIT TO EAT. GOT MY CEREAL.         BOYS WAS I BEAT
160,すいません,"IT'D        SEEM TO SAY, YEAH"
161,このおんなかるいけどええ,GONNA WA I         GOT TO GET AWAY
162,いぼじ,EVIL        DEED
163,あんまりやあんまりやあんまりや,AY MARIA. MARIA. MARIA
164,ぽーるまき,POR        MAS QUE
165,すうぉっちか,SHE        WHATCHA GOT
166,おきたらちゃわんにきびだんご,AKI        TEREMTSEM NE'KI VILA'GOT
167,ちゅばちゅばすわれそうでからだかんじて,TU        VAS TU VAS         SOUS LE SOLEIL         GARE A TOI         CAR JE VEILLE
168,あんたたのしそうね,AND        THE BALANCE DISTORTED
169,よしださーん,YOU'LL SEE THE SUN
170,あなたのですか,IN        ADDITION
171,れたす,RAPE US
172,どーもーどうぞいらっしゃい,NO MORE LIES AND DECEIT
173,らーめんもくう,LA MEME ENCRE COULAIT
174,ちょっとあんたなんだっぺな,TRY        TO HURT         ANOTHER BROTHER
175,ひみつ,KEEP REACHING
176,ゆうべちんぽかきすぎた,YOU        MAY ACHIEVE WHAT CAN'T BE         SIMPLY DONE
177,いれててんぷら,IL ETAIT UN PRINCE
178,あせがとびちる,SHE'S GOT HER TONGUE IN CHEEK
179,わるよいするよ,WHILE THE NIGHT IS STILL YOUNG
180,ぴざたべたーい ,THESE        ARE         COPTIC TIMES
181,ひじょうにつかれた,HE'S        ONLY SKELETON
182,おなにーいけましぇん,ALL        I NEED GET MY SHARE
183,いれてとことん,IL        ETAIT ENCORE TEMPS
184,こんばんわーどーもー,COME        MY WAY. TERROR
185,ぼくかぜだもん,POR        CAUSA DO AMOR
186,あんためちゃにあわんな,HAND'PON        MI JAW         MI A WONDER
187,うーろんちゃでせんじなさい,POR        ONDE ANDEI SEM DIRECAO
188,よーしもういっけんいこう,ASK ME ANGEL
189,いいわけするな,ERADICATION        OF EARTH'S
190,おちんちん,ATTENTION
191,でーぶすぺくたーでーぶすぺくたーでーぶすぺくたー,NERVOUS        BREAKDOWN
192,なんてことだはんのう,NO        TE EUCUENTRO EA AVADON
194,いえでしたい,IT        IS TIME
195,あぱーとできてるなぁ,HI-5        MORE DEAD THAN ALIVE
196,とうちゃんにぶらんでー,TOTALLY        BLENDED
197,でもごしちご,DEMO        CUSTICO
198,あーめんどくさい,I        REMEMBER TIME
199,にしぽんろんおほほ,CHAPER        ONE UHHH
200,あそばないあそばない,I        SAW THE LIGHT
201,ちょうじゅあんのしょうゆ,TOLD        YOU. I MUST SHOW YOU
202,あんぱんまんさ,ARE        BY MY SIDE
203,だっちわいふなくなった,THAT'S RIGHT KNOCK'EM        DOWN
204,つまんねぇしうれしくねぇし,TO        MAN BAY TO THE BEST WAY
205,すもうかなぁ,SMOKING        THAT
206,かみきっちゃおうかもう,COME        AND GET YOUR COME ON
207,おんていがどうもなっていうかー,DON'T        THINK I DON'T WANT TO DO IT GIRL
208,ばけつにせっけんたくさん,IF I COULD SHIP SICKY TIES THAT
209,めしくわすか,MEXE        COM AS CA
210,ねこふんじゃったなあ,NEIGHBORHOOD         CHECK YOUR MOP
211,いのうえがんばれ,IGNORANT        CORPORATIONS
212,しゃけだけくえくえ,CHUCKIE DUCKIE QUACK        QUACK
213,おぉそれかい,"OH,        SORIKI"
214,きをつけてだめだこりゃ,KIDS        GET DOWN UNDERGROUND
215,いたくなーい,HE        CRIED FOR NIGHT
216,おなぺっとおなぺっと,WANNA        BET
217,あーいーなきもちいい,I AIN'T ASKIN' MUCH OF YOU
218,しかもけちだ,SHE'S GONNA GET YA
219,くいてーてんぷらを,FREEZING                CAN'T MOVE AT ALL
220,がんばろう,DOWN        BELOW
221,いっぺんにだーうそでしょー,IMPENDING        DOOM FROM SHORE TO SHORE
223,けんけつしてんかー,CAN'T GET THE STICK OFF
224,きみへそまっくろ,KEEP        YOUR HANDS ON MY GIRLS
225,ほんじょうならいやだ,OM NAMAH NARAYANA
226,おちんちんだおちんちんだーよ,WALTZING        MATILDA         WALTZING MATILDA         YOU'LL
227,がきのほうはでかい,BACK        IN THE WHERE THEY GOT
228,うえのっとったかみのった,BUENOZOTA        BUENOTA
230,しゃれいしゃれいはらえしゃれい,SHALANG        SHALANG ILOVE YA SHALANG
231,あっせーらーむーんだ,I        SAID I WONDER
232,のっちのぐそ,THE        MELTING OF THE SOUL
233,はんのうせいや,HUNDALASILIAH
234,いきのびたい,ACHING        ALL THE TIME
237,たなかみさこ,DAME        ACA MI SACO
238,ばかばかばか,BAKKA BAKKA BAKKA
239,なんやなんやどけー,DO        YA DO YA         LOOKY HERE
240,くらいどうてい,I CRIED ALL DAY
241,おっさんおっさんおっさんかおっさんえーじぶんだとおもう,WHAT'S UP WHAT'S UP WHAT'S UP GIRL WHAT'S UP        CRAZY FOR         ANOTHER ONE
242,こんどーむええなぁ,"COUNT DOWN,　BABY"
243,あしもとがやっぱりやばめでこけそうだ,HOW SHE MOVES UP HER HIP        AND GO STRAIGHT TO SHOULDER
244,かなしいなぁ,COMMISSIONER
245,めがみえない,MIRROR MIRROR
246,そうろうだっちゅーの,SORROW         THAT YOU KNOW
247,だだだれから,THIS IS NOT A CURRENT
248,うーわあっちか,"OOH AAH,ICHY AHH"
249,おしっこはまえもってすませ,"BULL SHIT WORK,        BODY FOR DESTRUCTION"
250,ぼんれすはむ,FROM THIS HOLLOW
251,とうちゃんにおいぇなぁ,TORTURED STAND UP
252,ねばりけ,NEVER        DO AGAIN
253,ほもばー,HUNG ABOUT
254,ほもだこりゃほもだこりゃ,HORY MACK'L DERE... HORY        MACK'L DERE
255,いつまでねるかたもりさん,15 MILES AN HOUR CAUSE I'M        ALREADY STONED
257,あたぶんういすきーじゃあありません,"A TIME RISQUE,A TART NO        SIR"
258,わたしゃつれない,WHAT A SATURDAY NIGHT
259,おならちょっとだそう,ON A L'AGE DE RAISON
260,あせがでん,I SAID GOD DAMN
261,おきゃくさんへにおいで,I GET SO EXCITED
262,おっとはしんでるよ,BONE CRUSHING ALIEN
263,こりゃちゅうじえんだ,ACCORDING TO DEMAND
264,いえかさんかい,"YEAH, CROSS ON FIRE"
265,へんなかみのかみさーん,AND THE COTTON LORD COTTONS        HIGH
266,なにやってもいっしょですってね,STANDING AT THE BRIDGE OF        DESTINY
267,あいしてんだろ,I STAND ALONE
268,しんでしまいなさいそれではかんちょう,THIS IS MY DESIRE TALKING 'BOUT        CULTURE
269,どうしたのうんこくさい,GO TAKE ON FOR GOD'S SAKE
270,ばかじゃねえさーふぃんおもしろいかい,BAGGAGE AND IT'S ALL THE        EMOTIONAL KIND
271,へいさか,HEY SUCKER
272,しかられぞん,JUSQU'A LA RAISON
273,これだろおくさん,CALL IT BAD LUCK UNCLE SAM
274,おれまいおりがみ,OR AM I ORIGAMI
275,おーっどこつうぇんだぁ,OH　DON'T YOU KNOW
276,げりしたげりしたたもりがたもりがげりした,"TERESITA, TERESITA,        TAN BONITA TAN BONITA TERESITA"
277,あそこたててみちんこ,"A ESCOLTA ATENTAMENTE, CINCO"
278,きつくふんじゃいたいいたいいたい,THE KIDS COULDN'T HURT JACK        THEY TRIED AND TRIED AND TRIED
279,あーいたいはらいたい,NICE NICE I LIKE THAT
280,まぜてのんでぇ,MAN SIEHT IHN UM DIE
281,なめていいぞおれのなら,ANOTHER DAY IS         OVER AND NIGHT HAS
282,ばあちゃんのて,BACHIANO TE
283,ちくび,SHE COULD BE
284,ひさしぶりそいつはげいだなぁぶちょう,HE'D SLASH YOUR GRANNY'S        FACE UP GIVEN HALF A CHANCE
286,そりゃないな,S WHAT I KNOW
287,のりまーす,NO REMORSE
288,げんといれでいのってる,A RA        TORRE DE UN HOTEL
289,あほなほうにょうはん,I        WANNA         HOLD YOUR HAND
290,あっかとちゃんすもうあせっちゃいや,I GOT        TO TRY SOME MORE I SAID TRY
291,そうぶせんのれーる,SOUL FOR SALE OR RENT
292,あまめ,I'M A MAN
293,じいじいじいれじそこれじそこ,CHEER CHEER CHEER LET        YOURSELF GO LET YOURSELF GO
294,いんきんでいんぽ,INK        IN THE INKPOT
295,げっゆたんぽかんでら,CHE        IL TEMPO CAMBIERA
296,あのぅあのぅこしょう,I        KNOW I KNOW FOR SURE
297,ちんちんあらえ,THING        THING ARISE
298,かつどんば,GOT        TO KNOW THE WOMAN
299,きらーかーん,CAN ROCK ON
300,ひびやけだらけ,HERE WE ARE TOGETHER AGAIN
301,おんしのすなっくこんぱ,WHAT YOU TO KNOW HE'S NOT        COME BACK
302,あしゆ,I        SEE YOU
303,わわたなべさん,WHAT        TIME IS IT
304,しゃどうはげのおどり,SHADOW        HANGING OVER ME
305,うえからかいこです,WE'RE        GONNA PAY 4 THIS
306,おなってない,I'M        NOT THAT NAIVE
307,あねくさったぎょしょくったらべんぴぶぅー,LA        HORA EXACTA SERA LA CUATRO Y VEINTE
308,ぱいずりぱいずりぱいずりぱいずり,CRAZY
309,びっくりしたおばさんにどんなのしてんだへぇーどんなのしてんだあお,BECAUSE        NOW ITS ON ME DON'T UNDERSTAND IT HEY DON'T UNDERSATAND IT AOW
310,つけげつけげつけげつけげ,SKENG        AH SKENG AH SKENG AH SKENG AH
311,あなたすりっぷしながらけいれい,ANOTHER        SLEEPLESS NIGHT I CAN'T EXPLAIN
312,おっぱいびろーん,OF        BABYLON
313,はまっちまった,HOW        MUCH OF MY TIME
314,せびろでゆにっとばす,SAVIOR        OF THE UNIVERS
315,そうまちゃみそうまちゃみ,SO        MUCH IN ME SO MUCH IN ME
316,ぱんぱんぱんぱんぱんこぱんてぃぱんこぱんこぱんてぃぱんてぃ,FA        FA FA FA FALCO ROCK ME FALCO FALCO ROCK ME ROCK ME
317,へこんだぺー,PICK        UP THE PACE HERE COME        THE PAIN
318,おちんちんふりあにきひっぱるね,WHAT        SETS YOU FREE I NEED YOU HERE BY ME
319,かるくあそこをしゅうせい,BUT        IF YOU ASK HER SHE'LL SAY
320,ぼうさんにえらばれるかに,MOSAMI        LENAQOOL EL QAREEB
321,ばななくさる,BUT        I'M NOT CONCERNED
322,だいじなますからだぁー,DEUTSCHLAND        HAS GOTTA DIE
323,よよよめほらほらよめふまきらーついてるよ,YO        YO YO MAN HOLD IT HOLD IT YO MEN WHOM I KILLING TAPE AT        GUY
324,よしさきにこいみずなしことのめたらじんろだったんだよ,JA        ZIVIN ZA GRIVKOLJ I ZA BRZINU METALA ZIVIM NAPAMET
325,あわびよめん,I        WILL BE YOUR MAN
326,なんてんまんてんいちおうじゅうさんてん,I'M        THERE BURN IT DOWNCHIL DO YOU HEAR SOMETHING
327,けれどせいのうのさで,QUERES        DECIR NO NO SABE
328,ほしたちんぽ,PUSH        THE TEMPO
329,みやぎけんじゃやすみはねてんだ,MI A        DI DANGER YES MI A DI DANGER
330,どてのおっさんぼくのぱぱ,DON'T        PLAY NO MORE SONG BOP BE DOD B-BOP
331,ちんちんをこぴー,TEA        TEA AND COFFEE
332,どんくさくない,THE        DARK SACRED NIGHT
333,れんこんすきですいまだれっすか,THERE        GOES SICKNESS IN MY DADDY'S CAR
334,くるまないおっとやばい,KILLUMINATI        ALL THOUGH YOUR BODY
335,けんきゅういんよーしこいてーまはのう,YOU        CAN'T GET AWAY YOU CAN'T KEEP AWAY NO
336,おやじでれっとして,"OH        YES, HE DID LEAVE THE STAGE"
337,へんなのはみだしちゃったもうへんたいだ,AND        I KNOW I'M INDESTRUCTABLE AND I KNOW
338,いないぜどろぼうできしだ,THE        NIGHT THEY DROVE OLD DIXIE DOWN
340,そろそろなまなめそろそろしあわせね,SO        LONG SO LONG         NOW I'M ON MY WAY         SO LONG SO LONG         SEE YOU ALL SOMEDAY
341,あめですか,I        MET THIS GUY
342,いーばらき,ABRAHAM
343,やさいないかもったいないきがしてふすまは,DENN        SEINER KRAFT KONNT' KEINER WIDERSTEHN HU HA
344,やのやのせんえんてなにうぉん,Y'ALL        ALL Y'ALL DON'T SAY NOTHIN' THEN I WON'T
345,おなにーやれおなにーやれおなにーやれおなにーやれおなにーやれおなにーやれ,PUNAAY        ALL DAY  PUNAAY ALL DAY   PUNAAY ALL DAY PUNAAY ALL DAY
346,ぱぱよにげはかばのーぱん,FUN        RIDE YOU NEED TO HAVE A MANEUVER
347,どこいったんだだんたいさん,TRUCOS        TRANZAS LA TRAICION
348,いろいろなひとがいろいろなひとといろいろなあいを,YOU        KNOW YOU'RE MESSED UP BRA         YOU KNOW YOU'RE MESSED UP         YOU KNOW YOU'RE         HOW YOU GO
349,あもうしか,I'M        ALL SHOOK UP
350,あのあのはなのうえにくろじのぺん,I        KNOW I KNOW　        I NEVER MEANT TO         CAUSE YOU NO PAIN
351,だれでもいいべ,BETTER        BELIEVE IT
352,ほーらてんぷらまにあわない,PULL        THE TAPEWORM         OUT OF YOUR ASS
353,はでなずぼん,HAVING        LOTS OF FUN
354,たりないんだなないとうの,FRIDAY        NIGHT AND THE         LIGHT ARE LOW
355,ちんちんよくみなさい,DID        YOU         COMMUNICATE
356,どのまちもひっそり,DON'T        KNOW MUCH         ABOUT HISTORY
357,あにがひろうあほになぐるひろちゃんにえんりょがない,I        NEED A HERO I'M         HOLDING OUT FOR A        HERO TILL THE         END OF THE NIGHT
358,へいじいちゃんれいめんみっつも,HAY        TEACHERS LEAVE        US KIDS ALONE
359,まずい,MILES        AWAY
360,おゆにいれるづら,ALL        YOU NEED IS LOVE
361,えんでん,AND THEN
362,けいこあのあのゆうこのむすめ,I        CAN'T GO COLD         I KNOW I KNOW        YOU GONNA MISS ME
363,のーしんええで,KNOW        WHAT I'M SAYING         HIT IT
364,ゆのみべつなんだ,YOU        KNOW ME         BETTER THAN THAT
365,さらりーまんはそうこ,SELLIN'        AIN'T MAMA         SOFA
366,おふろ,OH        LORD
367,おいきたろうはたらけ,MY        FELLOW AMERICANS
368,あべのまま,I'VE        MADE UP MY MIND
369,びこうちゅうおばはんあほ,BECAUSE        YOU'RE         ALL I HAVE MY BOY
370,あついであついであついばかにすんな,ACCIDENT        ACCIDENT         ACCI BUCKLE YOUR         SEATBELT
371,おわらない,OH        WHAT A NIGHT
372,じゅうえんならいーでぃー,YOU        HAVE NARRATED
373,てぃーぞーんにしょーがーる,TEARS ON YOUR         SHOULDER
374,かたくりらーめんゆげがぴゅー,GOT THE GOOD         LIFE AND         YOU GET ABUSED
375,はえそうはえふっそうはえぱん,HOT IN SO HOT IN HERE SO HOT IN　EH
376,きゅうのばいにしたい,KILL        NOBODY THIS TIME
377,うっそどうてい,I WAS SO EXOTIC
378,ゆげたまらん,YOU CAN COME ALONE
379,そんけいのめです,SOME KIND OF MEDICINE
380,あわびいっちょうあわび,I'M BEAT Y'ALL HEY A BE
381,ぱんてぃうるおう,PARTIRO
382,しながわでーとはけっこうやろう,SEEM THAT NOWDAYS        THERE'S NO         ESCAPE FROM IT ALL
383,すしかってなんぱ,SUSIE GOT YOUR NUMBER
384,じゅけんせいへいめんを,YOU CAN'T SAY HEY MAN
385,さぼるなしんじんこい,OUTSIDE WORLD AND I'M        SEALED IN TIGHT
386,すしのでまえ,SURGEON OF DEMISE
387,おいらよさくてでみそくう,OH MY LOVE         YOU'RE SO GOOD         TREATING ME SO CRUEL
388,おなにーにつかう,ALL MY LADIES CAR
389,にじかんいじくる,EASY COME EASY GO
390,なかにひとはいるか,MONOGAMY IS THE         WAY TO GO
391,ばかみたいなとれーなーね,BALD HAB ICH KEINE        TRANEN MEHR
392,じょうほうがあついゆ,JOE HOOKER I SEE YOU
393,いえましぇんつれましぇん,YOU WERE MY SHELTER        AND MY SHADE
394,あらぐんそう,OUT OF        CONTROL
395,みそでした,ME SO        TO START
396,ないようないよう,NOW Y'ALL        NOW Y'ALL
397,おゆないかありがとおゆないかおゆないかあるじゃねぇの,HOW        YOU LIKE THAT ALL TOGETHER        HOW YOU LIKE THAT HOW YOU LIKE THAT     ALL TOGETHER NOW
398,いきたままあげられる,EACH        TIME ON MY ARM YOU LANDED
399,あにきくんにごふん,AND IT YOU COULDN'T BE        BOTHERED
400,いなりだけしゃりなし,AIN'T        NOTHIN' LIKE IT　        SHINING MACHINE
401,ないぞうへん,LIES        AHEAD
402,おんせいさんのおすし,ONE        SAYS SUN AND         ONE SAYS SLEET
403,そうむかのまつだ,SOME        KIND OF MONSTER
404,おおちょっとまて,GO ON        TELL A         ABOUT IT
405,でぶっておしてぇな,DEAD        BUT THEY         WON'T STAND UP
406,べんじょくらい,I'VE        BEEN TO CRY
407,そんなもだえじゃない,THUNDERABOLT        AND         LIGHT
408,ふたどめのとうきょうどーむ,MEANER        THAN A         JUNK YARD DOG
409,むすこむすこだいじないっすんぼうしなくしたりしたらたいへんよわはははは,MOSKAU        MOSKAU         DEINE SEELE IST SO        GROSS         NACHTS DA IST DER         TEUFUL LOS         HA HA HA HA HA
410,ずらかってじいさん,IT'S        LIKE A DISEASE SON
411,しねっちゅーの,SHE        MEANT YOU NO
412,かあさんはぶなぐったはぶなぐった,CAUSE I'M         HAVING A GOOD TIME         HAVING A GOOD TIME
413,とんぼじゃねえじゃん,TOMBE        LA NEIGE
414,まげこげちゃう,MARKIE-GO-GET        YOUR
415,わしだけどうして,WHY SHOULD I CARE         THOUGH SHE GAVE
416,ぬりかべがにい,NE        RIMENT QU'AVEC         ENNUI
417,へいはさむちんちん,PAY        HER SOME         ATTENTION
418,うそいえーちょっとおわんない,BOOTS        ON TEA      DO YOU KNOW WHAT MATE
419,たまだたまきんだおだまり,TIME        AFTER         TIME I GAVE YOU         ALL OF MY MONEY
420,どうなってんだろ,DO NOT        BEND AT ALL
421,すべりだいぱんだはつこんびみえないでしょ,I'M        SPELLBOUND         AN AVATAR         HAS CAUGHT ME         I'M IN A DAZE
422,あっのみものへったあっのみものへったへった,I KNOW        YOU WANNA         HIT THAT　        I KNOW YOU WANNA         HIT THAT HIT THAT
423,ほうにょうかなしい,HOME        YOU'RE         GONNA SEE
424,ゆきもちゃうねん,YOU        KEEP ON SHOUTIN'
425,しそさんにちめ,SHE        SAW ME COMING
426,いちょうおれごのみやな,GETTING'        OUT IS WHAT IT'S GONNA BE ABOUT
427,いかっておなにーふざけておなにー,YOU      GOT ME ON MY KNEESI'M BEGGING DARLING PLEASE
428,あっやまたってひとえにかいたひと,I AM        A LOBSTER EVERYBODY SAYS SO
429,おっぱいまわせー,ALL        BY MYSELF
430,どうていがしんだ,DON'T        TAKE ACTION NOW
431,しょうゆあわび,SHOW        YOU HOW I FEEL
432,ありがとさらばだ,I'VE        GOT THOSE SAD-ABOUT-'IM
433,そろばんちゅうはははええやないか,IT'S        ALL ABOUT YOU HAH HAH HAH YOU NIGGER
434,こっちのうわぎすけるよすけるよ,CAUSE YOU KNOW WE'RE GETTING SCARIER AND SCARIER
435,そうまつだいらけんだー,SO        LET'S STAY TOGETHER
436, わざとだろヤケドする, WAS IT THE DEVIL WHO LED ME TO SEVEN
437,いくってあみで,ECOUTEZ        A MIDI
438,さのしょうしょうでっぱですね,CA NOUS CHANGERAPAS        D'ICI
439,はいしゃさんやり,HIGH        SOCIETY
440,かなりあごでてる,GONORRHEA        GORGONZOLA
441,せいかんせんしょう,SAID COMMON SENSE YO
442,なめんじゃないなぜたべたくなる,LOVE ME TONIGHT         AND LET THE DEVIL        TAKE TOMORROW
443,あかいどしゃがとぶ, À PARIS DONS CHAQUE        FAUBOURG
444,あべのまちぶせあっちょっとやだなぁ,OH I'M        BANGING ON MY TV SET AND I CHECK THE ODDS AND I
445,めがまわんない,MAKE        UP MY MIND
446,もうおれしにたいよー,MORNING        CHILDLEN 　FIND THAT YOUR
447,けがにがしんでさ,QUE        CAMINA SIN CESAR
448,しゅうまいやさいけんとうし,TO MY EYES I CAN'T        CONCEAL
449,ほんとだーしょうゆついてない,HOME TONIGHT       I'LL SHOW YOU SWEET DELIGHT
450,なっとですね,N'ÊTRE QUE FUMÉE
451,へびぐろう,HEAVY GLOW
452,えびたまごにごしゅうしん,EVERYTIME YA HOLD HER CLOSE YOU'LL SEE
453,つまりきみ,SOMEBODY GIVE ME
454,がいむしょうとべいぐんも,CAI NO CHÂO DO       PEITO MOLHA
455,いいですねやわらけえうそ,"YEAH THIS IS ME       YO WHAT UP KID,       WHAT'S UP"
456,やっぱりやっぱりゆめ,YOU BETTER YOU BETTER YOU BET
457,はんぺんない,HOUND THAT NIGHT
458,でんわでげーっという,THEY'RE OUT TO GET YOU
459,えきべんたくあんやっこちょうだい,E DIVENTAR GUARDIANDO CELE
460,そのてんぐてにして,SOLO TENGO QUE DESIRTE
461,おわれっおわれてがっしょう,WHAD'YA WHAD'YA THINK I SAW
462,とちぎとちぎのぼる,DON'T YOU HEAR ME DON'T YOU HEAR ME CALLING
463,ほらほらほらおまけでみせまちゅか,"ROMA, ROMA, ROMA, ROMA CHE BELLISIMA CITTA"
464,けがでない,CANNOT DENY
465,へでてすまぬ,HATE THAT THERE SOMEONE NEW
466,しちさんにあう,SINCE YOU FOUND ME OUT
467,ちゅーがしづらいぜ,JUDAS IS RISING
468,ちちのますき,ITCHING ON MY SKIN
469,だれかけって,DALE CALIENTE
470,だすわまつかでんわ,THAT'S A LIE THAT'S A GOODMAN LIE
471,おしょうさんぶらがちらり,OXUM ZAMBURAR PAR TIRAR
472,さかなといれでくさってます,SUCKED DOWN THE TOLLET CUZ SOMETHING
473,ひげそりどろぼうはみだしぐそ,YOU'RE SO DO-ABLE GRIND ME DOWN SUGER SALT
474,おわりおなにーええええー,I NEED ALL I NEED YEAH YEAH
475,だそうでびんでない,THIS OLD HEART HAD BEEN DENIED
476,しゃめしゃめしゃめとるめかどうにゅう,SHIMMY-SHIMMY-SHIMMY THROGH THE BREAK OF DRWN YEAH
477,てんぐえだしてるもの,THING WOO YEAH I SAID GONNA
478,うわっすねげ,WORSE THAN THE YIDS
479,わたしとかるた,WHAT A CAST OF CHARACTERS
480,まさかじょしすいません,MY SUBCONSCIOUS SEEM TO WEAVE ITSELF
481,あしたあんぜん,US AND THEM
482,こむそう,COME THE SWORD
483,あくしゅでした,EXISTENCE
484,あやまりたいあやまりたい,I AM EVERYTHING I AM ANYTHING
485,どうていのせいか,DON'T BE NO FAKER
486,とのはちがうてでつかーむ,DON'T KNOW WHAT YOU GOT TILL IT'S GONE NO
487,おでんろんがい,ALL DAY LONG I
488,あきてないかろうば,ACTING LIKE A ROBOT
489,かみさんたいあまえび,COMING SOMETIME AND MAYBE
490,そんなむりしなくていい,FROZEN MEMORIES LAUGHING THEY
491,とびでてすまない,FOR TOKEN INTEREST IN MY LIFE
492,あいつらみんなそばでさるぐろう,I HITCHED A RIDE WITH MY SOUL BY THE SIDE OF THE ROAD
493,だい3らうんどだいれんだぱんちあっひるんでる,LIES UNKNOWN THE LAND OF MINE A HIDDEN GATE
494,おおたすぽんじにのみ,WATER'S PLUNGING IN ON ME
495,ここかしこここかしこ,GO GO GADGET GIRL GO GO GADGET GIRL
496,しろだけなぜからー,SI NO LA QUIERES DEJALA
497,おまめでてきたみせて,MOM AND DAD TAKE YOUR DON'T BE SAD PILL
498,きっぷをかってやるわのれ,CHI PUO CAMBIAR L'AMORE
499,おのがおのあひるのてんぷら,OH NO GOD OH NO I HEAR THOSE DAMNED WORDS
500,おにくとせろりもすきでしょ,EN ECOUTANT CES ROMANCES QUINE CHANTENT
501,さびしいふり,SAW THE SEE FREEZE
502,あもうちょっとらーめんあはいちゃった,I WANT YOU TO LOVE ME WHERE I NEED YOU TO
503,またがってめくんな,MY BABY GIVE ME GOOD LOVIN
504,しょはんか,SHORT HAIRED GIRL
505,あたまからちだこうえんで,I TURNED MYCOLLOR TO THECOLD AND DAMP
506,ほっぺをせいいっぱいみせる,HOPE TO FEEL SAFE AND SOUND
507,だいそーまえにいる,D I SAW A MIGHTY ROOM
508,そうとうげひんだ,SOUL FOR GETTING DOWN
509,いれみなさんいろんなものかむんだ,I HEAR IT DO YOU HEAR THAT SOUND HEAR THAT NOW THAT I'M COMIN DOWN
510,ほおまっしろ,FOR MERCY LOVE
511,あんたしょじょか,I'M DONE SHOOT YOUR GUN
512,ゆのみゆのみをつれ,YOU KNOW ME YOU KNOW ME ALL TOO WELL
513,あいくびあなそうろう,I CAN BE AN ASSHOLE OF
514,おれのくったおうしゃちょう,FOREVER TONIGHT OR SHUT YOUR
515,たのもしいです,TELL ME WHAT SHE DID
516,おーるがちいさい,ALL THAT SHE SAID
517,じいはんざいはんざい,DEPENDING PENDING
519,かれーみほん,CALLING ME HOME
520,たけしょぼう,DARKEST COLOR
521,ねぇちゃんろうばげいおおや,NATURE OF MYGAME AH YEAH
522,ゆうげんですゆうげんだ,YOU CAN DANCE YOU CAN JIVE
523,いまやってんじゃねぇそこ,IN MY OPINIONS AS A PRO
524,それがここちええきす,SOUS LES GRANDS COCOTIERS QUI SE
525,いたべんじょむし,IT'S A PLEASURE MACHINE
526,かならずたててや,COUNTER HAS A TATTOOED TEAR
527,そこもなってない,SO COME ON OUT TONIGHT
528,ままがはっぱのうえ,MY MIND CAN'T HELP BUT KNOWING
529,しょうっちゃいやつははなっとけ,SHE'D TRIED SO HARD TO KEEP
530,あじがおまえあじけないっすね,HOW'S YOUR GIRL MIKE OH SHE'S PRETTY NICE MAN
531,みたせん,MAKE THE SAME
532,あさまでえっちしたいねん,I SAW MY PICTURES HANGIN'
533,じゅうにこいれた,JE N'Y CROYAIS PAS
534,ぼっきする,POR TI SERE
535,はなからそうたまご,AND I GOT A SHORT TIME TO GO
536,どこも,GLAUCOMA
537,あっほんがほんが,I'VE HUNGERED HUNGERED
538,いついつしんだ,EAST EAT SHIT AND DIE
539,あせってるだれにでんわしてんだ,I SAID TO HER BERNIE I SAID DON'T
540,おんなぶろにはつ,OWNER OF A LONELY HEART
541,でぶろうにん,BABE ALONE IN
542,ちゅうねんのみせだ,TRUE THEM KNOW ME SWEET AN
543,ひざがいたい,HE'S ON MY SIDE
545,ちょりそー,SHORTEST STRAW
546,いまもおならがだそう,MINIMUM ON NA A LA RISANCE
547,おれにはよめんもったいない,IN IHREN LUNGEN WOHNT EIN AAL
548,どあにちょー,DON'T WANT EAT YOU
549,ぶっをすませていいですか,PPPPTTTT OOOPS MY CD JUST SKIPPED
550,あさのろくじのる,GRÂCE À LA LUEUR QUE J'AI DANS L'OEIL
551,はげなるしすと,HOW CAN I RESIST YOU
552,ひょうしょうだい,WE ALL SHALL DIE
553,つとむいんぽ,SHOULD TUMBLE AND FALL
554,さわら,SARAVA
555,ちょっとふける,SO DON'T FORGET IT
556,わけないでー,WHAT CAN I DO
557,ろくもってる,LOCOMOTIVES
558,みぎてにはなたばかい,WREAKING DEADLY HAVOC ON MANKIND
559,にいちゃんはめぐろでのんでます,A HITCHER ON A ROADALONE AND LOST
560,けんこうですね,CAN'T CALL IT'S NAME
561,あなにはさまるけいじ,AND THEN YOU ASK FOR MEDICATION
562,ややこしい,LEI È COSÌ
563,よるくく,YOUR NEW CUCKOO
564,ひとりでふりすびーだめ,IN NOMINE CHRISTI AMEN
565,ぺったんこすーつ,BITCH I AIN'T GON'SHOOT YOU
566,おいびじんあほさ,FUI PEDIR A ROSA
567,はずかしいなざしだし,HARD TO CONCEIVE LOVE ECSTACY
568,さんしゅうさ,THE SADDEST SHOW IN TOWN
569,あーきれてる,AH GET IT HERE
570,だれかだれかあそぼう,LOLIPOP LOLIPOP HAVE SOME MORE
571,すいませんがどうていなんですか,TOO MUCH SURPRISE ROSIE NEVER STOP
572,みがでた, MEAN GOD DAMNED DOC
573,とつぜんたなかのすりっぱない,TOSS AND TURN I CAN'T SLEEP AT NIGHT
574,だれのかお,AND THROWN IN THE COLD
575,はとからにまん, I THOUGHT THAT I NEEDED MINE
576,しゃけとあざらし,SHOCKED AT THE WORLD THAT I SEE
577,あいついかめらだけうめぇ,I'LL TAKE ALL THE LOVE YOU GIVE
578,あやまれたむらのおにいちゃん,I'M A DOG BUT I'M THE ONE YOU DOG
579,おなぺっとどなた,ON N'PEUT TE DONNER TORT
580,すとっきんぐどう,STUCK IN YOUR THUMB
581,あんたわかったの,AND I WALK OUT THE DOOR
582,きゃばくらみんなじ,CHEMICAL AFFINITY
583,むぼうだおっちゃんむちゃするむぼうだ,MOVE ON UP ONE TIME WE JUST MOVE ON UP
584,こうもんねらい,COLD MORNING LIGHT
585,しゃがんでこうふんした,STANDING IN THE COLD BLUE SNOW
586,やすいわいいわおやじは,YES HE WAS HE WAS OH YES HE WAS
587,すごくすてきなあなみせてみな,SMOKE STICKY NOW AND THE MISSES PICK ME NOW
588,ゆうがたきゅうりすてる,YOU'VE GOT THE CUTEST LITTLE
589,らーめんやだぞらーめんやだぞ,RHYMER IN A ZONE RHYMER IN A ZONE
590,おうずぼんおろす,OH THE BOYS ARE ROUGH
591,じゅうえんくらいわじゅうえんくらいわじゅうえんくらい,TWO MEN COLLIDE WHENTWO MEN COLLIDE WHENTWO MEN COLLIDE
592,ていうかにおいがでねぇ,TO THE NEON GOD THEY MADE
593,しゃきんだけすくえや,SUCKING DARKEST CLEAR
594,はげにらっぷ,HOW CAN YOU LAUGH
595,おきみやげたくあんだけ,PORQUE NI NGU ÉM EST Á QUANDO QUER
596,どんぴしゃ,DON'T BE SHY
597,となりはなんともりさん,DAWNED ON ME LIKE THE MORNIN' SUN
598,ちきしょーおかねない,CHIQUILLO QUE LÉ DAS
599,おいみんなふざけんなばか,HEY DIDN'T I SAY GET THE FUCK OUT
600,やっぱはずれんだ,LET MY HEART SURRENDER
601,こっこっこっここなっつない,COLD COLD COLD COLD COLD NIGHT TONIGHT
602,あなただけにーと,EN EL CIELO INFINITO
604,おかまげいめぐろく,OH COME GET ME LITTLE GIRL
605,かんでもわらわねぇじゃん,CONDOM ON WHILE I'M ON THE JOHN
606,だってこうもんだもんあのーたまらねぇよ,I GOT THE CALL MONDAY MORNIN' I KNOW SOMETIME AROUND 9AM
607,ほうけいのひとゆうもう,HOW CAN I SHOW YOU MORE
608,またですか,IMAS OLHA SÓ
609,えびふらいえびふらいえびふらいひゃくほんくらい,AIN'T IT LIFE GOT NO CRY
610,かみねんど,CAMINANDO
611,まちこおまえてんさい,DAMA DE COR UMA DEUZA
612,はいってきてそうろう,AY TRISTE SOLO
613,まさかのぱんつ,MASSACRE THE FANS
615,かいせんどん,GUYS AINT DUMB
616,ばかそうですばかそうですばかそうですばかそうですまえみぎじゃない,VACACIONES MY AMIGOS AND I
617,あのーべんじょありますか,I KNOW THAT YOU LIKE MY STYLE
618,きょうそばきょうそばぷーるですべる,YOU'RE CLOSER YOU'RE CLOSER NOW FOLLOW THEIR SMELL
619,どうていのいしいなざわ,DON'T THEY KNOW IT'S THE END OF THE WORLD
620,ゆびがまがらねぇ,YOU'VE BECOME A PART OF ME
621,のーぱんしゅぎだ,NOM PANCHO VILLA
622,ごっついごっついごっついしなぞろえ,GOD SPEED GOD SPEED GOD SPEED SPEED US AWAY
623,あにじょうろ,I NEED YOUR LOVE
624,しんろでなやむふくやま,SEEN BUT I'M NEVER HEARD BY YOUR LOT
625,すてきなおせんべいですね,STICK YOUR NOSE IN BUSINESS
626,さんはりぬう,SOMEBODY NEW
627,ぎゅうたんうめーぎゅうたんうめー,YOU MUST DIE IN PAIN
628,えへっえへっなんだっけ,HEH NOT AGAIN
629,ちずのせろちずのせろちゃんとして,SHE'S LOST HER WILL SHE'S LOST HER WILL TIME IS STANDING
630,すもうだいえんかい,SOME OLD DYING MAN
631,おれだいがくだいがくうけたんだぁ,GU KI TAG GU KI TAG GU GU KI DA DA
632,よはかなしい,YOUR KINDA SCENE
633,にんげんにんげんだれかいねぇか,NINGUÉM NINGUÉM CARREGA A NEGA
634,あっていうかもうすわっていい,I'LL DIG A A HOLE SO DEEP
635,のどちんこぼうず,ANOTHER KINGDOM FALLS
636,だいじんはまぐろだった,GOTTA SEE MY ROCK'N ROLL DOCTOR
637,はつでんきはつでんき,I'M THINKING I'M THINKING
638,どこみてんだおまえ,STOP TRYIN TO TAKE OUR MONEY
639,こうもんこすっている,COME ON CLOSER BABY
640,むりむりむりおりろ,WORRY WORRY WORRY ALL DAY LONG
641,まえだせんせいはじゅうごせんち,MAS ESSE SEU AR DE INOCENTR
642,ぱせりのすーぷのまねぇ,PASSERI LASSU NON VOLE
643,どんべえ,DON'T BE BAD
644,とつにゅうとつにゅうとつにゅうかぎがかかってる,TOUCHING YOU TOUCHING ME TOUCHING YOU GOD YOU'RE TOUCHING ME
645,はやさよねろ,CABALLO NEGRO
646,たまらんたまご,FROM A LONG TIME AGO
647,あかおにのおめんほしいなあおおにのぱんつほしいな,I DON'T NEED NO LIFE RESERVER I DON'T NEED NO ONE TO HOSE ME DOWN
648,ぶたばらです,BUT I BORROWED IT
649,ままそこうんこ,BY MY SO CALLED GIRL
650,あっぎょうれつや,I'LL DO IT IF YOU
651,はんにゅうびぎり,A NEW BEGINNING
652,きょうはみずぎだ,YOU AND ME TOGETHER
653,それじゃないじゃん,SO LET YOUR LIGHT SHINE
654,しょうゆないぞどうしたんだつかだ,CYANIDE BLOOD DURNS DOWN THE SKYLINE
655,そーだじゃぎらい,SAUDADE A
656,でてんじゃんままのうえ,DEATH IS JUST A MOMENT AWAY
657,さとうせいざせい,CYCLE STAYS THE SAME
658,もっとしっかりにつめさとうぶっこみあわだてて,WATCH YOURSELF DAWN IN DISARRAY IT'S TIME TO BREAK AWAY OR WE'LL DIE TODAY
659,みそこなうわ,ME SOLTOU NA RUA
660,とんだんです,DON'T LET THIS
661,おっけいま,OKAY MA
662,じいさんがよこづな,JUST LIKE A YOUNG GIRL SHOULD
663,しょうゆほじゅう,SHOW YOU HOLD YOU
664,せんたーちゃうひだりへ,SI BU ZA BU DA YEA
665,あにりゅうねん,I NEED YOU NOW
666,しゃれにならんだろう,SHARING A LOVE THAT ON
667,なわとれまっか,NOW I'M TOWING MY CAR
668,くまもとすんでない,SYMBOLIC ACTS SO VIVID
669,しけんでしけんでしけんでおどっちゃう,SHE CAN'T LIVE SHE CAN'T LIVE SHE CAN'T LIVE WITHOUT YA
670,ぶたはてきとう,BUT NOW I TAKE IT ALL
671,ぱんのたんとうすいませんもうねていっぱいで,HAD NO CHANCE TO SEE MYSELF MOLDED DAY BY DAY
672,たまだたまきだ,TIME AFTER TIME GAVE YOU
673,まままえみせるまままえみせるんーまままままままえみせるまままままままえみせるみせる,MY MY MY MICHELLE MY MY MY MICHELLE OO MY MY MY MY MY MY MY MICHELE MY MY MY MY MY MY MICHELLE MICHELLE
674,むいみだむいみだむいみだ,WE NEED LOVE
675,うるさかばい,WITH A SUCKER PUNCH
676,かんちょうとうそうおう,CLIMBED YOUR TORSO OH
677,にほんじんです,LIVE FOR TODAY
678,せんだぎいっせんじゅう,C'EST LA NUIT ET C'EST LE JOUR
679,きぼりちんぽ,KEEP ON REACHIN' FOR
680,かめみしてくれ,CALLED ME MR.GLASS
681,あくなきこうびつらいのよ,HOW CAN I KEEP COPING TILL I KNOW YOUR
682,あそこもろですよ,AS COMO LO DESEO YO
683,あけてじいちゃん,I KEPT IT DEEP DOWN
684,もちをかまないかまない,WON'T YOU COME ON AND COME ON AND
685,いやーあさごじですよはやさぇよ,E ESSA VOZ DESSE RIO
686,ふけつだろおちんちん,WHO CARES THEY'RE ALWAYS CHANGING
687,えろいすいーつみてや,IT ALWAYS LEADS ME HERE
688,ろうにんせいらっかちゅう,BELONGS INSANE LIKE I DO
689,あーいやだもれちゃった,EARLY IN THE MORNING TIME
690,じょしゅはのってねぇ,JUST YOU AND NOTHING ELSE
691,とおめにしんかんせん,COME ON BABY SHAKE THAT THING
692,やきすぎ,BLACK AS THE DEEP
693,げためぐろ,GET DOWN MAKE LOVE
694,しんごうばあさんみぎに,SINGLE FILES OF CLEAN FEELINGS
695,おっとのなまえです,WORLD ALL TURN OUT LIKE THIS
696,かおなめてもいいよ,KOMM MIT MIR
697,ややしゃくれ,YEAH YOU SHOCK ME
698,うわーむいおーむいおーえびない,OHH ALL NIGHT ALL NIGHT OH EVERY NIGHT
699,こちらさんどちらさん,PUT YOUR LIGHTS ON PUT YOUR LIGHTS ON
700,おばさんのちち,WHAT'S HAPPENING CC
701,あけっぱなしでもろ,I CAN'T PROMISE YOU TOMORROW
702,おじょうさんくさいですね,BUT YO SON IT'S LIKE THIS MAN
703,はなよめだんせい,HOW MY OPEN ARMS ACHE
704,ろっぽんぎやないほんまや,UP ON ME I'M LIKE OH MAN
705,あっそうか,AH SUGA
706,あらえばあちゃん,ALIVE BUT DEAD
707,あっちんげそっちゃうんですか,AND TAKE US UP TO THE SKIES
708,ころっけたくさんくわせんなぁ,QUALQUER CANÇÃO QUASE NA
709,おぼんがぼうそうした,A LOVE THAT WAS SO STRONG
710,こめうめぇこめうめぇこめ,COME HERE MAN COME HERE MAN COME HERE
711,はいりたくてむりだ,HATE INJECTED MIND
712,ぼっきぎみのちん,BARKEEP GIMME A DRINK
713,あぁぁぁぁぁぁぁぁぁぁぁぁぁぁぁあぁっあっぱんつがー,AAAAAA HA HA PUNCHGONE
714,おねえちゃんさっきからびーるほんのちょっとぬるいぞ,WHEN IT DROPS OH YOU GOT A FEELING OH THAT YOU BEEN DOIN' WRONG
715,あべしのはつかめねえ,I BET U KNOW WHAT'S COMIN' NEXT
716,だれだれござかったろうだれ,DARLIN’ DARLIN' CAUSE I'VE GOT LOVE DARLIN' 
717,もうしないもうしないよー,MOTION NOW MOTION NOW YOUR
718,ちんこへいおまち,DIG THE HAIR ON MY CHEST
719,べんりこうじえん,BELLY FULL OF GIN
720,きゃべつはぜんぜんできてまへんきゃべつはぜんぜんできてまへんきゃべつはぜんぜんできてまへんできてまへん,TIME GOT THE TIME TICK TICK TICKIN' IN MY HEAD ×3TICKIN' IN MY HEAD
721,かににみそつけあらう,CAN ANY NATION STAND ALONE
722,ねばねばねばねばこのびんせん,NEVER NEVER NEVER NEVER GONNA BE THE SAME
723,よぉおっさんくうき,"YO, WHASSUP KOOL KEITH"
724,あっそれちょっとやめて,I SAW YOU JUST THE OTHER DAY
725,だれだれだだれだれだだれだれだだれだれだよー,TADADADADA TADADADADA TADADADADA TADADADADAO
726,いっそげいにいらいしてくれ,IT'S A GAME HE LIKES TO PLAY
727,くそにしちゃえらくしょうっちゃいな,THE SUN IS SHINING AN THE KIDS ARE SHOUTING LOUD
728,かんにんしてかんにんしてかんにんして,GEL IŞTE GEL IŞTE GEL IŞTE
729,あんないのりのりで,AND I KNOW WE'RE GONNA BE
730,おかきいっこもっていこうぜ,HO CAPITO MOLTE COSE
731,あむこうのじじいはすげーな,I'M GONNA TEACH YOU HOW TO SING IT OUT
732,あさひるべんとうふらい,I STILL HEAR THE BATTLE CRY
733,さわってもうた,STYLE AND YOU KNOW THAT
734,いちにちぱんつくわえて,ISN'T IT BAD SO QUIET THERE
735,よめはんはのーぱん,AND HEAVENS OPEN
736,ねこはだめだだめだだめだじゅういだじゅうい,THEY CALL HER DOMINO DOMINO DOMINO DO IT DO IT
737,よんせんえん,YOU KNOW WHAT I'M SAYIN
738,ろうかにもうしょう,BROKEN EMOTIONS
739,なりたにかえれひべー,NIGHT TIME CAVITY TO COME IN
740,あにちゃーんあっおちる,NEED YOU I WANT YOU TO
741,いえでみんなでけつをみる,CAN I GET ANOTHER KISS FROM YOU
742,まっさーじそばやたらそーす,MY SEARCH IS OVER THE ALTER OF SOULS
743,さをよそう,SELL YOUR SOUL
744,かみさまがぎょーざもかう,YOUR BROTHER'S IN THE CAR HIS GIRL'S IN THE CLUB
745,なれてないちょすげぇくろい,NIGHT AFTER NIGHT JUST TO GET THROUGH THE WEEK
746,ねわざでぶないちゃう,THERE WAS A DAY WHEN I JUST
747,みしていけや みしていけや みしていけっつっとろぉ,HE'S TAKEN HE'S TAKEN HE'S TAKEN HIS TOLL
748,こっちすわれねぇよ,GUCCI SWEATER NOW
749,それのんだらばやくなる,SAILIN' ON THE HIGHER GROUND
750,あしくんでめんだん,ACĺ CON TREMENDA
751,あしくろいなひざざらざら,I SEE CHRONOS HIS EYE ARE ON FIRE
752,どんどんだれだどんどんだれだ,DUM DUM DA DI DA DUM DUM DA DI DA
753,さいごのしるものめる,SIGN IT GONNA SEAL IT GONNA MAIL
755,きわたとうふまいた,MOMENT OF MY TIME
756,ちくびしゃぶしゃぶ,TICKLED THEY CHERISH EVERY
757,おーれんきゅうだな,OH I'M NAKED AND I'M
758,いんぽならちんぽになっとうえぇー,HE'S PULLING ON THE TRIGGER POINTED AT YOUR HEAD
759,あのめろんのしるがまんてん,I'M THE MAN ON THE SILVER MOUNTAIN
760,いたてえなこうもんどう,YOU DIDN'T COME UNDONE
761,びんびんいやらしい,BE REALITY
762,くじぼっきする,CAUSE YOU BOTH DESERVE
763,ばばあばばあばばあばばあどのこーすに,BYE BYE YOU'RE NO GOOD FOR ME
764,きっさてんでさよならきさくなぴえろ,GUESS I'D BETTER TELL YOU NOW GUESS I'D BETTER OBEY YOU LORD
766,へんなへいこうふんねえちゃん,HAND TO HAND ACROSS THE NATION
767,こうもんこうもんこうもんひだり３つめ,COME ON COME ON COME ON YOU'VE GOT TO GIVE IT TO ME
768,にくあつでした,MIDWIFE'S A DISK DRIVE
769,ざぶとんはまだか,SIT WITH SOME BUT BUY UP SOME
770,おっさんたまねぎたべにくそう,BULL SHIT PALANUIK BOTH MAKE ME CHOKE
771,ねぼけてたつちんぽ,NEVER GET ME DOWN TO DEATH ROW
772,はげのおれらへんだねー,I GET NO LETTERS IN THE MAIL
773,ほんとうのしゅみふりすびー,COMING DOWN THE CHIMNEY RELEASE ME
774,ちくわちがうちくわちがうちくわ,JIGGA WHAT JIGGA WHO JIGGA WHAT
775,あほだもんあさだるいありあんぜんえびあらいつらいでぶじゅーすかう,THE BOREDOM OF THE SOBER WEEK THIS WEEKEND IS HERE HIP HIP HOORAY TO MAKE THE BLUES JUST GO
776,すでにそりゃあかおまちがえてます,SENDIN' THIS ONE OUT TO ALL MY DRINKERS
777,なわにはうんこばっかり,NOW I'M HERE AND WON'T GO BACK BELIEVE
778,でまえはんぺんにかんぶり,THAT MIGHT HAVE MADE ME COMPLETE
779,いたりあさいこうのぱすた,AND TELL THAT PSYCHO TO PASS THE
780,あーいたいゆびかめもっと,I'D DIE TO BECOME IMMORTAL
781,はままつがええねんいうの,I'M ABOUT TO GO AND THEN YOU'LL KNOW
782,べんじょおなにー,BANJO ON MY KNEE
783,てれくらかまくら,TELL THE GIRL A COMICAL LINE
784,とびだしたちんげ,STRONG ENOUGH TO CHANGE IT
785,ばあさんもよーろっぱのこっきがみたい,PASANDO EL ROLO CON MUCHO KILOMETRAJE
786,おれにはみそきみやさい,WOMAN YOU WANT ME SO GIVE ME A SIGN
787,えちんぽにすぷれー,IT'S SIMPLE AND IT'S PLAIN
788,とけねえぬまたはちてん,TO QUE NENHUMA TERRA TEM
789,いんろうでない,AIN'T NO DENYING
790,あのねじはでかい,I KNOW THE NATURE OF YOURI KI
791,あーぼくのおもいどおりにさせて,I'M WALKING ON BON BON AND SUCH AS THESE
792,ひめせいそだったらよかったです,HIT ME THE ANSWER THAT I'M TALKIN ABOUT THAT IS
793,きゅうにせきない,GIVE ME A SECOND I
794,はまにいればろうかにちょうどおばとおじさん,HARMONY WILL AROUND LOOK AT EACH OTHER ALL THAT WAS LOST IS FOUND
795,どーなつみはるおば,DON'T ASK ME HOW OR WHY
796,あっちふゆうそう,WANTED FOR YOURSELF
797,たった,DOCTOR
798,くずゆどれでしょう,CAUSE YOU DON'T LET IT SHOW
799,たっきゅうさぁたっきゅうさぁたっきゅうさーさー,THANK YOU STOP THANK YOU  STOP THANK YOU STOP STOP
800,じけんだじけんだくびだけだ,SICKENED THIRST SICKENED THIRST KEEPS IT TOGETHER
801,わらってごめんわらってごめんなぁごめんなもう,WHY DON'T YOU GO AWAY WHY DON'T YOU GO AWAY AND NEVER COME BACK NO MORE
802,おじいさんがすげえのりこんできた,DRESSED UP JUST LIKE ZIGGY BUT HE COULDN'T PLAY GUITAR
803,たなのうえ,TELLING THE WORLD
804,このなかゆいれるじゃん,KORN ON THE COB YOU NEED A NEW JOB
805,こうもんきれいだねきれいだね,COME ON TILL THE EVENIN' ENDS TILL THE EVENIN' ENDS
806,のーぱんしけんにする,NOTHING SHE CAN EXPLAIN
807,ぼっちゃまいかたべそうね,VOU TE AMOR E CADA VERSO MEU
808,あけろむすこで,I COULD ALMOST GO THERE
809,のうかがなにかうってるっぽい,ANGORA D'UN CHAOS TÉNÉBREUX
810,そういうけいさんはしていかない,SO IN CASE I'M MISTAKEN I
811,すりぬける,SOONER THE BETTER
812,あたしゃもうたったよこすかへ,AY DE ESTA AMOR TANTO YO BUSQUE
813,いいんじゃないすか,GIVIN' OUT A SPARK
814,はげのにゅうりん,HANGING ON YOUR LEAD
815,けいさつにはいうなよ,CAN'T SIT STILL I'M GROOVIN'
816,あれはせれぶなひとびと,I NEVER SAID BUT I NEED TO BE TOLD
817,いおおきいまつもと,WE ALL CAME OUT TO MONTREUX
818,てぃっしゅてにばいてん,TEE SHIRTS AND eight by ten'S
819,みみくそくうみみすませ,MADE ME FEEL SO GOOD MADE ME FEEL MYSELF
820,おならきいてたねすいません,WOMAN I KEEP RETURNIN' TO SING THE SAME
821,しずかなもり,JUSQUE DANS MON LIT
822,きざめほうれんそう,CAUSE I'M A HOPELESS WAN
823,ぬったみそくったぼくら,NO TIME IS A GOOD TIME FOR GOODBYES
824,かずのりろんときゅうしゅう, I GOT LIPS THAT LONG TO KISS YOU
825,すっぱいよなすっぱいでしょ,OSSO PONHO NA SOPA E DEIXO
826,おいしいわぎゅう,WE'LL SEE WHAT YOU
827,せいべつふもんになった,SAVE IT TILL THE MORNING AFTER
828,えろぼんだぜんぶ,IN A HOTEL CHAMBER
829,あのにいちゃんええまつたけ,I DON'T NEED TO HANG MY STOCKING
830,にんげんまじでゆるさん,NINGUÉM MAIS TEM ILUSÃO
831,いやがらせぴかっねむいわ,YOUNG GIRLS HAVE PICKED THEM EVERYONE
832,わきげだわきげだ,WATCH HER GET DOWN
834,なかにだれかいますか,TREACHERY PENETRATES MY SKIN
835,だめさわっちゃだめ,DUMMY SUCH A DUMMY
836,いなだはふりすびーちゅう,IN OTHER WORDS PLEASE BE TRUE
837,へいじつのでぃすこはきがるにおわってふろ,IS HE STRONG LISTEN BUD HE'S GOT RADIOACTIVE BLOOD
838,あおぞらでへいもろでぼっきした, I WANNA GO BACK AND GET MORE OF THAT FUNKY STUFF
839,めのまえあらびきうぃんなー,MANY MILES ARE BETWEEN US
840,おまえらよそったらはやさよめしくえや,OH MY LOVE YOU'RE SO TIRED BUT YOU MUST THINK QUIET
841,しんちょうにひっこんだぼうず,SHEEP TREMBLE AN HERE COME THA VOTES
842,ひざまずけあぁー,HE'S A VIRGIN KILLER
843,あんこあまいよ,I'LL GO ON MY OWN
844,ちもうさわった,TU MENS SAMANTHA
845,のりでふうしょはろう,NO NEED TO FEEL SO HOLLOW
846,けさはちいさくねぇ,GUESS I WALKED TOO SOFTLY
847,みなさんちゃーはん,MIDNIGHT SUN TIME
848,あせじいちゃんすげぇ,ASAN DJ SKANE
849,うーんまずおっぱいみたい,UH ONCE UPON A TIME
850,ゆうかんとってみふろにゆうかんとってみ,YOU CAN TALK TO MEIF YOU'RE LONELY YOU CAN TALK TO ME
851,さんじゅうびょうみろよそうろう,C'EST GENIAL FAIS-NOUS LE SOLO
852,ぼくちんぽそうじけっこうやばいほんまくそう,TURN THE JUKEBOX ON GOOD GOD OH COME ON Y'ALL
853,あわびおなにーえいえーっ,OH I NEED IT ALL I NEED YEAH YEAH
854,いちめいのりへんだぜ,ICH WILL EURE HANDE SEHEN
855,しょみんのおかいけい,THE SHARIF DON'T LIKE IT
856,べんきょうしてえ,MAKE YOUR STAND
857,ちんちんひっぱった,CHANGE IN HIM BUT CAN'T
858,さいしょっぺぇー,SAY IT'S YOUR THING
859,もうかまぼこたべたいくらいくらもうかまぼこたべろいくら,MORE CALIBER PER CAPITA INGROWN INGROWN
860,あけるふり,AH QUELLE FOLIE
861,つめぎれってねえちゃん,TO MAKE A RESERVATION
862,あっちんぽなめる,I'VE TRAMPLED ON THAT ROAD
863,ないそくにつまる,WON'T YOU COME INTO MY ROOM
864,だれあけてだれ,DOLLY I CAN TELL DOLLY
865,さんまでぼっきした,SOME OF THAT FUNKY STUFF
866,ぼくのにいちゃんのぱんつ,FALL TO YOUR KNEES AND REPENT
867,へんしんおせえよ,HANDS TO YOURSELF
868,こおらすまゆげ,COLD AS I MIGHT HAVE GUESSED
869,ゆのみのはば,YOU DON'T NEED NO LEATHER
870,いちにあでるあでるもう,IT SHOULD MEAN A LITTLE A LITTLE MORE
871,にゅーよーくのこいけさんががんばってない,LOOK NO FURTHER BOY 'CAUSE I GOT JUST WHAT YOU NEED
872,うんとおとろえてるわだ,POURTANT VOTRE LOINTAINE FROIDEUR
873,あんまりのってないあすぱら,I MIGHT END UP IN THE HOSPITAL
874,ちょっとまったそれとちょっとまった,SALTA MALTA SALTA SALTA MALTA
875,おにぎりあるであとごじゅうろっこ,MORNING KICKS ME OUT OF BED I STUMBLE TO THE FLOOR
876,たなのうらにおっさんいるっぽい,TURN IT AROUND YES I'M WAITING FOR YOUR
877,ぬるぬるふうふ,NNH-OOO-LU-LU HOO HOO
878,つめにたいなわ＆たま,TOO MANY TIMES NOW I'M DETERMINED
879,けつからぽすたー,CAN'T STOP WON'T STOP
881,あふりかまなんで, I FORGOT MAN I'M DEAD
882,こんどうさんばっか,QUANDO O SAMBA ACA
883,からあげがとんでる,GOTTA GET BACK HOME TO YOU
884,よびこうあっびこう,Y'ALL RECORD I RECALL
885,いまでてんぐがばどみんとん,LAME BODY THING WE NO BOTHER WITH THAT
886,がりべんがりべんがりべんあんぱんとちゅうちゃ,GOT IT BED GOT IT BED GOT IT BED I'M HOT FOR TEACHER
888,わーおっちゃんかおもいいよさんにちでしぬの,WHY WON'T YOU COME OVER HERE WE'VE GOT A CITY TO LOVE
889,ようせつめんせつ,NO SENSE MAKES SENSE
890,やっちゃったね,LEFT IN CHARGE TO DOMINATE
891,べんじょだより,READ YOUR DIARY
892,あーみみうまい,I ME ME MINE
893,あんこはのめない,I'M GOIN HOME TONIGHT
895,あびるぞよわったな,I FEEL AS THOUGH YOU OUGHT TO KNOW
896,きたきゅうしゅう,KICK OFF YOUR SHOES
897,いっかいめよんかいめきゅうかいめ,HEY BABY WHOA BABY PRETTY BABY
899,ななじかんあっかんべー,NOW THAT YOU GONE I CAN BREATHE
900,つめにほんこん,TOO MANY PHONE CALLS
901,びんたがほしいすわってけえさくえ,PIG TRYING TOHOG SHIT SO I TAKE YO ASS OUT QUICK
902,あまさんじゃんまたじゃんまたじゃん,ARE MY SUNSHINE MY SUNSHINE MY SUNSHINE
903,だいぶつとおる,DYKE BITCHES TOTAL
904,らーめんにすくわれるじゅけんせい,RHYMIN' AND STEALIN' IN A DRUNKEN STATE
905,ちんぽこすれすれ,SUFFOQUANT SOUS LE SOLEIL
906,じゅうえんじりへ,YOU WILL SEE THE END
907,ゆかつまんねぇ,YOU'VE GOT TO MANAGE
909,いっとけそうろうやばいな,IT TOOK ME SO LONG TO FIND OUT
910,みでちゃうだろ,"MÉR, KIS ANGYALOM"
911,ひらいてこうもんみた,HE'D LIKE TO COME AND MEET US
912,あしよりみみよ,I SAY ALUMINIUM
913,わせだからとおい,ROXETTE I GOT TO GO AWAY
914,うつせぶりーふはほうえい,WOULD SIMPLY FLY AWAY
915,あーっだれかいるよ,AH DÁ-ME SANGRIA
916,こいつはかしてもちりがみだろ,THE CLOSEST TO A COW SHE'D BEEN WAS EATING AT McDONALD'S
917,かもつだろくおんもしよう,COME ON DO THELOCO-MOTION
918,ゆびがとまるゆびがとまるがとまる,YOU'LL BE GONE TOMORROW GONE TOMORROW
920,これだんろですこれだんさです,CALL IT DOWNLODING I CALL IT DOWNSIZING
921,いっしゅんしあわせふうにみえる,YOU SHOULD SEE YOURSELF IN THE MIRROR
922,たちしょんまん,TOUCHES YOUR MOUTH
923,あなにさしたらいい,EIN HEISSER SCHREI
925,あたしべんとううすいあたしべんとうくろいあたしべんとうちー,A NATION BUILT ON SWEAT A NATION BUILT ON BLOOD A NATION BUILT ON DREAMS
926,ままにあわなぱんつないちんちんみんですかい,MY MONEY ON A PAWN TONIGHT A CHANGE CAME IN DISGUISE
927,させぼあそこらしい,CESSIBLE COME SUPPORT OUR SCENE
928,しょうゆをとろうとした,SO YOU WANT THE WORLD TO STOP
929,めしがさびしい,MISSY NOW SERVICE ME
930,みんなちゃのまへすぐたってあとばあちゃんまんじゅうくえ,WHEN I CHANNEL MY HATE TO PRODUCTIVE I DON'T FIND IT HARD TO IMPRESS
931,あせるおっちゃんあいらいん,I SAID WATCH OUT I AIN'T LYING
932,しがだびんご,SHE GOT THE BIG GUNS
933,あぶらひしゃとせんてんぼう,FOUND THE LOVE THAT WE SHARED IN SEPTEMBER
934,ゆびをぺろぺろぺろゆびをなめてあらうゆびをぺろぺろぺろゆびをなめてあらう,YOU FEEL BETTER BETTER BETTER WILL YOU FEEL ANYTHING AT ALL
935,たけるたけるぼでぃこんのしょうちゅうだ,TACK IT UP TACK IT UP BUDDY GONNA SHUT YOU DOWN
936,ていきいれにもあけ,TAKE IT ANYMORE I CAN'T
937,てこのげんり,TAKE A LOOK AT THESE
938,ちょっとまってこうちゃがめっちゃやすい,TEMPERED BY THE CRAFT OF A VITREOUS MOON
939,かまないとやばい,COMING LIVE FROM FA
940,しりしりしりしりしりしりこうもん,CITY THE CITY THE CITY THE CITY THE CITY THE CITY C'MON
941,うわーめしおれふすまじゃし,WISE MEN SAY ONLY FOOLS RUSH IN
942,わかめにじかんかじった,WALLS OF RELIGION COME CRASHING DOWN
943,はなとみみからちがでる, I RECOMMEND WE BATTLE TO THE BITTER END
944,おつりくださいあーわすれた,WATCH ME CLOSELY I WILL STAND UP
945,むしゃめいどしみんつぎはおしょう,LOOKS CAN BE DECEIVING SEE BEYOND THE SHELL
946,れんこんてにおんなぶろ,THAN CONFETTI ON THE FLOOR
947,いしよんでいしよんでいしよんで,IS SHE OUT THERE
948,なんぱまち,ROUND FOR MY SHOES
949,そろばんにひるむな,SHRAPNEL FLIES DEHUMANIZE
950,ちんこにさいたばら,FEELING COLD INSIDE ABOUT WHAT I
951,あたりはびんぼうにんです, I THOUGHT IT WOULD BE FUN AND GAMES
952,これほしいめちゃほしい,PRIVACY AND INTIMACY
953,めにごみそばにほおずき,WAITING ALL THESE SOMEBODY HOLDS THE KEY
954,まにあわないまにあわない,MONEY ON MY MIND
955,かあさんてぃっしゅてぃっしゅにくり,CLAWS LIKE THIS IN THIS SYMMETRY
956,おじらねそう,OH TIERRA DEL SOL
957,いきどまりのかっぷめん,IF YOU DON'T MIND THE COMPLIMENT
958,あーせっけんふろおけふるちんまえにいるちるどれんとうちゃんつりせん,OH SICKENED BROKEN BLOOD SHED MURDER YOU'RE CHILDREN TORTURE TREASON
959,ようわからん,YO I GOT A
960,じゅうえんだまのれきし,TO WEED THE WORLD OF THEIR DISEASE
961,はれふとんだよふっとんだよ,A RE TRUTH DON DIE O TRUTH DON DIE O
962,どいつじんじゅうごてん,THOUGH IT'S EASY TO PRETEND
963,てんちょうまよってんのかい,TEMPTATION A FIRE SET AFLAME
964,あげていいあげていいあげていいあげていいぱんてぃぱんてぃ,I GET DEEP I GET DEEPI GET DEEP I GET DEEPER DEEPER DEE
965,いみはない,GIMME ONE NIGHT
966,ちばちばちばきばこいわ,SHE BOP HE BOP A WE BOP
967,かんぴょうはすげぇぞかんぴょうはすげぇぞ,CLAP YOUR HANDS TOGETHER
968,れんだれんだこうもんれんだぼね,"RAIN DOWN, RAIN DOWN COME ON RAIN DOWN ON ME"
969,とうろうにちんすこうちんすこう,TOLL ON ME SHE'S GONE
970,だめだめだめだめやめてよそのて,LET ME LET ME LET ME LET ME TELL YOU SOMETHIN'
971,あらそっているあいだに,ON A SUNDAY MORNING
972,あさかあさかあさがすみ,COSOCO COSOCO COSOCO
973,めだたないどあ,MAN I THOUGHT I'D SEEN IT ALL
974,あゆもってすんまへんさんまもってすんまへん,I HEAR VOICES IN MY HEAD SOMEONE'S VOICE IS IN MY HEAD
975,あぁいいよそういやーんいやーんいやーんいやーんいやーんいやーんいやーんいやーんちくび,I FEEL SO INAR- INAR- INAR- INAR- INAR- INAR- INAR- INARTICULATE
976,よくあるといえばよくある,YOU GOT IT BABE YOU GOT IT
977,あくれくれいいぜくれいいぜべいびーあくれくれいいぜ, I GO CRAZY CRAZY BABY I GO CRAZY
978,あまいるよあまりんごあるよ,I'M AN ALIEN I'M A LEGAL ALIEN
979,ひざのわるいやつ,SHE'S OUT IN THE AUDIENCE
980,のーぎゃらろうば,NO GETTING OVER
981,うぃんなーほうけい,WIND AND HURRICANE
982,ちちちちちちをゆらしてちちちちちちをゆらしてちちちちちちをゆらしてをゆらして,MISS JACKSON ARE YOU NASTY
983,けんにょうけんにょうけんにょうけんにょうしっぱいした,DEAD GIRL DEAD GIRL SUPERSTAR
984,ばれーぶにおこられた,BY LEAVING ME A CARD OR A LETTER
985,うたのとちゅうにーすまん,GET DOWN WITH THE GENIE SHAZAM
986,のぼれのぼれのぼらへん,OVER AND OVER AND OVER AGAIN
987,ついちゃってるし,TEARDROP TO THE SEA
988,みちにのうふうふ,BETCHA DIDN'T KNOW WOO HOO
989,ひろしのうえにふいにのれ,KEEP YOUR CHIN UP WHEN YOU'RE FEELING LONELY
990,どうていさんびょうあー,DARK DEPTHS OF YOUR MIND
991,うずらなんだってぜんぶ,WAS A LONG AND DARK DECEMBER
992,おなじみせ,I WANT YOU TO SAY
993,ぱんちするふり,PINE TREES REAL PRETTY
994,ひらかん,AT CLUB
995,いつだってびわこ,IT'S GOT TO BE HARD CORE
997,ゆかぼんどだべんちはろーしょん,YOU CAN PAWN TO PERPETUAL MOTION
998,さわっちゃうぶちょうはじる,SO I TRY PUT YOUR HANDS IN THE
999,つるしつるしつるすこ,TO THE SEA TO THE SEA TILL IT'S GONE
1000,あもっとぼーなすない, I WENT TO WAR LAST NIGHT
1002,ぶってぶってけってからぶって,WHOOP-TAY-WHOOP-TAY-GIT-TA-GALA-GOOP-TA
1003,あんかれーまめばばあ, I CAN'T EVEN BE BOTHERED
1005,ぼうけんちゅうし,BROKEN TUESDAY
1006,あたいはいわなのっ, I'LL TELL YOU WHAT YOU WANT TO KNOW
1007,おなじですねおなじざっしおなじじょうほう,RELIGION IS RAPE RELIGION'S OBSCENE RELIGION'S A WHORE
1009,ゆびいっぽんふんだ,IF HE PUT HER DOWN
1011,ぼくだけそん,POLKA-DOT DRESS ON
1012,ゆうぐれのまちあんなによったんよあー,YOU PUT A HAND ON MY CHEEK AND THEN YOU TURNED YOUR EYES
1013,おやつにこれたべてぇ,I HAVE ANY YOU GOT TO COVER THAT
1015,あまぁちんこはでかそう,HAVE A DRINK GO ON TAKE A SUP
1016,えなめるおすまま,AND I NEARLY LOST MY MIND
1017,むすこのがっこうにあわてたかあちゃんだ,THIS IS WHAT IT'S LIKE WHEN IT HAPPENS EVERY GODDAMN DAY
1018,すぐにはとぶな,SOUVENIRS DE BOWHEUR
1019,きなこなめる,CARE NOT FOR THE MEN WHO
1020,らいすにのってるちゃんじゃとらーど,RISING UP TO THE CHALLENGE OF OUR RIVAL
1021,てあしはちほんなの,DEAD I'VE SEEN IT HAPPEN I KNOW
1022,ぼくにぼくにぼくにしおを,BOOGITY BOOGITY BOOGITY SHOO
1023,ひらがなひろし,SHIT I GOTTA HEAD RUSH
1024,ぶらりやってきてげっしゅう3まんえん,THE BLOOD OF VICTIMS GUSHES ON MY HANDS
1025,めしがめしがめしがにげる,BUT SHE GOT ME SHE GOT ME SHE GOT ME YEAH
1026,なつこむらでねぇのか,LET'S CALL IT A DAY LITTLE GIRL
1027,わっちゃったごういんに,WATCH OUT NOW I'M GOING IN
1028,まだうーまだあせまだうーまだあせまだ,MURDER OHH MURDER I SAY MURDER OOH MURDER I SAY MURDER
1029,しょうぎみてほがない,STALKING VICTIMS THROUGH THE NIGHT
1030,なぜならさん,NOW THERE'S NOT A SOUND
1031,のりさいこーねのりさいこーねのりさいこーのりさいこーのりさいこーねうめぇうめぇいえー,MOTERCYCLE MAN MOTERCYCLE MAN MOTERCYCLE MOTERCYCLE MOTERCYCLE MAN MAN MAN
1032,えっおいらのがらすわったろ,OYE DESCARADO iSUELTALA
1034,でぶにえんじょすてーきにめろんだれわすれたくいたいあっうわー,THE EXTERMINATING ANGELS HERE THERE'S TO BE EMPEROR TO COMMAND NOSPHERATUS CREATURE OF CRYPTS