,Unnamed: 0,Unnamed: 0.1,japanese,english,english_ipa
0,0,0,こぶへい,PURPLE HAZE,pɜːpl heɪz
1,1,1,わしゃやめられん ,WATCH THE YOUNG MAN RUNNIN',wɒʧ ðə jʌŋ mæn rʌnɪn
2,2,2,あーすいません,I        SEE MYSELF,aɪ siː maɪsɛlf
3,3,3,とまりがはっせんえん,SOMEBODY IN THE HOUSE SAY YEAH,sʌmbədi ɪn ðə haʊs seɪ jeə
4,4,4,ばかだもん,BARK AT THE MOON,bɑːk æt ðə muːn
5,5,5,ぬりかべよ,RUDIE CAN'T FAIL,ɑː-juː-diː-aɪ-iː kɑːnt feɪl
6,6,6,てらおじゅんじ,THELA HUM GINJEET,tiː-eɪʧ-iː-ɛl-eɪ hʌm ʤiː-aɪ-ɛn-ʤeɪ-iː-iː-tiː
7,7,7,のものものものものものものも,NO MORE NO MORE NO MORE NO MORE NO MORE NO MORE NO MORE,nəʊ mɔː nəʊ mɔː nəʊ mɔː nəʊ mɔː nəʊ mɔː nəʊ mɔː nəʊ mɔː
8,8,9,ぎろっぽんひろおなぎろっぽんひろおな,"GET UP, GET ON UP GET UP, GET ON UP","gɛt ʌp, gɛt ɒn ʌp gɛt ʌp, gɛt ɒn ʌp"
9,9,10,ひっこしひっこしひっこしひっこしだー,"KEEP PUSHIN, KEEP PUSHIN, KEEP PUSHIN, KEEP PUSHIN, ON","kiːp piː-juː-ɛs-eɪʧ-aɪ-ɛn, kiːp piː-juː-ɛs-eɪʧ-aɪ-ɛn, kiːp piː-juː-ɛs-eɪʧ-aɪ-ɛn, kiːp piː-juː-ɛs-eɪʧ-aɪ-ɛn, ɒn"
10,10,11,ゔぃとん の ばっぐ ゔぃとん の ばっぐ ゔぃとん の ばっぐ ,BEAT ON THE BRAT BEAT ON THE BRAT BEAT ON THE BRAT,biːt ɒn ðə bræt biːt ɒn ðə bræt biːt ɒn ðə bræt
11,11,12,はざまけんじ,FATHER MCKENZIE,fɑːðər ɛm-siː-keɪ-iː-ɛn-zɛd-aɪ-iː
12,12,14,ほらすてきなねえちゃんだやらせろー,OR A SPECK AN ANGEL'S DUST AND LUST TO LUST,ɔːr ə spɛk ən eɪnʤəlz dʌst ænd lʌst tuː lʌst
13,13,15,つるべつるべつるべ ,LITTLE BIT. LITTLE BIT. LITTLE BIT.,lɪtl bɪt. lɪtl bɪt. lɪtl bɪt.
14,14,16,こうもんこうもんこうもんこうもん,COME ON,kʌm ɒn
15,15,17,しゃりしゃりしゃりだ,SHOUT IT SHOUT IT SHOUT IT OUT,ʃaʊt ɪt ʃaʊt ɪt ʃaʊt ɪt aʊt
16,16,18,ひかるいっぺい,GOT        IT BED ,gɒt ɪt bɛd 
17,17,19,いいなさいじゅでぃおんぐもっといっていいよ,YEAH LET'S PLAY CARRY ON WHAT'S THE DEAL,jeə lɛts pleɪ kæri ɒn wɒts ðə diːl
18,18,20,おおたけはらたつだれだって,OH TAKE IT BITE THE DUST BITE THE DUST YEAH,əʊ teɪk ɪt baɪt ðə dʌst baɪt ðə dʌst jeə
19,19,21,ふたりはぱんちぱーま,MY DADDY WAS A BANKROBBER,maɪ dædi wɒz ə biː-eɪ-ɛn-keɪ-ɑːr-əʊ-biː-biː-iː-ɑː
20,20,22,うしろのしょうめんたもり,PUSHING AND SHOVING WANT NO LIP,pʊʃɪŋ ænd ʃʌvɪŋ wɒnt nəʊ lɪp
21,21,23,だれのらくがきこまるぜ,THERE AIN'T NO DOCTOR THAT CAN CURE MY        DISEASE,ðeər eɪnt nəʊ dɒktə ðæt kæn kjʊə maɪ dɪziːz
22,22,24,くせーくせーくせーくせーくせーくせーくせーくせーくせーどあのまえやっぱくせーよべんじょ,"SAD SAD SAD,SAD SAD SAD,SAD SAD SAD,BUT        YOU'RE GONNA BE FINE THE ELEPHANT'S IN THE BEDROOM","sæd sæd sæd,sæd sæd sæd,sæd sæd sæd,bʌt jʊə gənə biː faɪn ði ɛlɪfənts ɪn ðə bɛdru(ː)m"
23,23,25,はよきにゅうせい,HOW        CAN YOU SAY,haʊ kæn juː seɪ
24,24,26,しょんべんおわったあははは,JOY BANG ONE TIME,ʤɔɪ bæŋ wʌn taɪm
25,25,27,あおもりけん,I KNOW WE CAN,aɪ nəʊ wiː kæn
26,26,29,がんばれたぶち,GUNPOWDER GELATINE,gʌnˌpaʊdə ˌʤɛlətiːn
27,27,30,くじゅうくりはまにいこうぜぃ,COULD YOU COME ANY CLOSER,kʊd juː kʌm ɛni kləʊsə
28,28,31,ちよだせいめいにいこう,TILL        THE SANDMAN HE COMES,tɪl ðə sændmæn hiː kʌmz
29,29,32,つちひばーげんせーるぜんぶうるぜすてねでいい,DROWNING DEEP DEPRIVE THEMSELVES DAMNED TO LOSE THEIR SANITY,draʊnɪŋ diːp dɪpraɪv ðəmsɛlvz dæmd tuː luːz ðeə sænɪti
30,30,33,このやろーくすぐってぇー,COME ON NOW LOVE DON'T        YOU LOOK BACK,kʌm ɒn naʊ lʌv dəʊnt juː lʊk bæk
31,31,34,ろーとせいやくろーとせいやく,LOVE FOR SALE LOVE FOR SALE,lʌv fɔː seɪl lʌv fɔː seɪl
32,32,35,おいっぺんかきねんがじょうどこにいった,"OY, VENGA        AQUI, VENGA ALLA, TU BONITA","əʊ-waɪ, viː-iː-ɛn-ʤiː-eɪ eɪ-kjuː-juː-aɪ, viː-iː-ɛn-ʤiː-eɪ ɑːlɑː, tiː-juː biː-əʊ-ɛn-aɪ-tiː-eɪ"
33,33,36,まちがえた,DID YOU GET THAT,dɪd juː gɛt ðæt
34,34,37,おうむとばりかん,ON        WITH THE BODY COUNT,ɒn wɪð ðə bɒdi kaʊnt
35,35,38,けったのねかもね,GET        DOWN ON IT COME ON AND,gɛt daʊn ɒn ɪt kʌm ɒn ænd
36,36,39,めざしやのおんなとはだかでぐしょんぐしょん,THERE'S        A SHADOW ON THE DOOR OF COTTAGE ON THE SHORE,ðeəz ə ʃædəʊ ɒn ðə dɔːr ɒv kɒtɪʤ ɒn ðə ʃɔː
37,37,40,いっちょうめでいいぜ,YA        DON'T MAKE IT EASY,jə dəʊnt meɪk ɪt iːzi
38,38,41,えつこのぼにゅうだ,IT'S        GONNA BRING YOU DOWN,ɪts gənə brɪŋ juː daʊn
39,39,42,せんがせんがせんがうーぬけねぇ,SAME GUY SAME GUY SAME GUY WHO'S LOOKIN,seɪm gaɪ seɪm gaɪ seɪm gaɪ huːz ɛl-əʊ-əʊ-keɪ-aɪ-ɛn
40,40,43,わらっちゃったな ,WAS THAT JUST A LIE,wɒz ðæt ʤʌst ə laɪ
41,41,44,らいねんまたあうぞ,NINE        AND ONE THOUSAND,naɪn ænd wʌn θaʊzənd
42,42,45,あそぶでぶ,I SAW THE DEVIL,aɪ sɔː ðə dɛvl
43,43,46,おかもとたろう,CALVO SOTELO,siː-eɪ-ɛl-viː-əʊ ɛs-əʊ-tiː-iː-ɛl-əʊ
44,44,47,このたねいいすからへいらっしゃい,WOMAN' IN THE EAST WITH HER HEADLIGHT SHININ',wʊmən ɪn ði iːst wɪð hɜː hɛdlaɪt ʃaɪnɪn
45,45,48,おれでかまら,OLERE CAMARA,əʊ-ɛl-iː-ɑːr-iː siː-eɪ-ɛm-eɪ-ɑːr-eɪ
46,46,49,がんばるわいわらんわいべらんめえー,GOTTA        FIND A WAY TO FIND A WAY WHEN I'M THERE,gɒtə faɪnd ə weɪ tuː faɪnd ə weɪ wɛn aɪm ðeə
47,47,50,あほってすてきね,OUT IN THE STICKINESS,aʊt ɪn ðə stɪkɪnəs
48,48,51,おはようございやす,I        ALWAYS ASK,aɪ ɔːlweɪz ɑːsk
49,49,52,たかすくりにっく,DON'T SUCK IT SECRET,dəʊnt sʌk ɪt siːkrɪt
50,50,53,まったり,MACK DADDY,mæk dædi
51,51,54,ありならんでる,I NEED A RENDEZVOUS,aɪ niːd ə rɒndɪvuː
52,52,55,おいしゃさんおいしゃさんうちのこみてくれ ,WATCH THAT SIDE WATCH THAT SIDE EVERYTHING GONNA BE DEAD AND BRIGHT,wɒʧ ðæt saɪd wɒʧ ðæt saɪd ɛvrɪθɪŋ gənə biː dɛd ænd braɪt
53,53,56,のむらよっちゃん,NO MORE OF YOUR DARK,nəʊ mɔːr ɒv jɔː dɑːk
54,54,57,ふるちんでどうもすいません,ROUTINE DAYS ALL SEEM THE SAME,ruːtiːn deɪz ɔːl siːm ðə seɪm
55,55,58,きゃべつだいきらい,CAPITAL        RADIO ONE,kæpɪtl reɪdɪəʊ wʌn
56,56,59,けがたっちゃう ,CAN        I TOUCH YOU,kæn aɪ tʌʧ juː
57,57,60,ものすごいいろっぽい,WHAT IS IT CAUGHT IN A MOSH,wɒt ɪz ɪt kɔːt ɪn ə ɛm-əʊ-ɛs-eɪʧ
58,58,61,しんじゃったしんじゃった,SHE'S JUST A  SHE'S JUST A,ʃiːz ʤʌst ə ʃiːz ʤʌst eɪ
59,59,62,あにがとってくえとさらだもらったぜ,AY NINA.NO TE ENCUENTRO SOLITA POR LA CALLE,aɪ niːnə.nəʊ tiː iː-ɛn-siː-juː-iː-ɛn-tiː-ɑːr-əʊ ɛs-əʊ-ɛl-aɪ-tiː-eɪ piː-əʊ-ɑː lɑː siː-eɪ-ɛl-ɛl-iː
60,60,63,あんたらはちがうあんたらはちがう,I DUNNO WHAT SHE GOT,aɪ dənəʊ wɒt ʃiː gɒt
61,61,64,よしおちゃん はっくしょんちくしょーい,YOU'RE SUCH A- YOU'RE SUCH A HOT TEMTATION,jʊə sʌʧ eɪ- jʊə sʌʧ ə hɒt tiː-iː-ɛm-tiː-eɪ-tiː-aɪ-əʊ-ɛn
62,62,65,のうきょうぎゅうにゅう,DON'T STOP DANCIN',dəʊnt stɒp dɑːnsɪn
63,63,66,そうどろぼう,SO ADORABLE,səʊ ədɔːrəbl
64,64,67,ふざけるなばかだるーふざけるなばかだるー,WHO'S THAT KID IN THE BACK OF THE ROOM,huːz ðæt kɪd ɪn ðə bæk ɒv ðə ruːm
65,65,68,へんなぱん,IN THE BON,ɪn ðə biː-əʊ-ɛn
66,66,69,うっちがぶーっあいたーっ,BURNS IN MY VEINS ANGER,bɜːnz ɪn maɪ veɪnz æŋgə
67,67,70,さんじゅっさいががなんぼだというねや,FINALLY DECIDED WHAT I WANT TO DO NOW,faɪnəli dɪsaɪdɪd wɒt aɪ wɒnt tuː duː naʊ
68,68,71,すぐひっこむの,FEEL THE HEART COMIN' ON,fiːl ðə hɑːt kʌmɪn ɒn
69,69,72,ないとうちん,LIKE THE TEARS,laɪk ðə teəz
70,70,73,あっいかんしょうゆは,I        CAN SHOW YOU THE WORLD,aɪ kæn ʃəʊ juː ðə wɜːld
71,71,74,おなかがあいたよまま,ALL I GOTTA SAY TO        YOU WOMAN,ɔːl aɪ gɒtə seɪ tuː juː wʊmən
72,72,75,おっぱいぽろりん,A FIGHT FOR LOVE AND,ə faɪt fɔː lʌv ænd
73,73,76,そんなにつっちゃだめ,SOMEBODY        TOOK OUR GOD AWAY ,sʌmbədi tʊk aʊə gɒd əweɪ 
74,74,77,ばあさんからぶり,WALLS        ARE GONNA BREAK,wɔːlz ɑː gənə breɪk
75,75,79,いゃんなってくるぜまったく,DAMN.        THAT FOOD SMELLS GOOD,dæm.        ðæt fuːd smɛlz gʊd
76,76,80,んすきんすきっは,ONN S'QUITTE ON S'QUITTE PAS,əʊ-ɛn-ɛn S'QUITTE ɒn S'QUITTE pɑː
77,77,81,おーぱつきんばかり,BUCKSKIN' BUCCANEER,bʌkskɪn ˌbʌkənɪə
78,78,82,さなだむし,SON        OF A BITCH,sʌn ɒv ə bɪʧ
79,79,83,ともだちだっていいにくい,YOU        THOUGHT TOU HAD GOT ME IN YOUR GRIP,juː θɔːt tiː-əʊ-juː hæd gɒt miː ɪn jɔː grɪp
80,80,84,おやすいです,OH.        YES IT IS,əʊ.        jɛs ɪt ɪz
81,81,85,あがちょーん,I GOT YOUR,aɪ gɒt jɔː
82,82,86,すっげーせまいへや,SUITCASE IN MY HAND,sjuːtkeɪs ɪn maɪ hænd
83,83,87,ごいんきょ,WAKE UP ,weɪk ʌp 
84,84,88,ほぅそうですねぃへへへっ,HOLE SO TO SPEAK,həʊl səʊ tuː spiːk
85,85,89,あぁにしにほん,"OH, HERE SHE COMES","əʊ, hɪə ʃiː kʌmz"
86,86,90,あまえてましぇーん,I'M        NOT TAKIN' A SHIT,aɪm nɒt teɪkɪn ə ʃɪt
87,87,91,いいねーおなにーおなにーおなにーいいいいっすねー,BE THERE ALL I NEED ALL I NEED ALL I NEEEED IS SOME AIR,biː ðeər ɔːl aɪ niːd ɔːl aɪ niːd ɔːl aɪ ɛn-iː-iː-iː-iː-diː ɪz sʌm eə
88,88,92,おまえもしょせんでぶさ,ALL MY EMOTIONS HIDDEN DEEP INSIDE,ɔːl maɪ ɪməʊʃənz hɪdn diːp ɪnsaɪd
89,89,93,ごめんごめんなーいいえー,"COME IN COME IN A, YEAH","kʌm ɪn kʌm ɪn eɪ, jeə"
90,90,94,おーわかったわかった,WOW. I GOT GOT,waʊ. aɪ gɒt gɒt
91,91,95,うぃーっす,YES,jɛs
92,92,96,あーべんとうほんとうなんですすこしののりのおおきさですほうれんそういかとなっとうそうめんやーべぇー,HOLD THE PICKLES        HOLD THE LETTUCE SPECIAL ORDERS DON'T UPSET US ALL WE ASK        IS THAT YOU LET US SERVE IT YOUR WAY,həʊld ðə pɪklz həʊld ðə lɛtɪs spɛʃəl ɔːdəz dəʊnt ʌpsɛt juːɛs ɔːl wiː ɑːsk ɪz ðæt juː lɛt juːɛs sɜːv ɪt jɔː weɪ
93,93,97,すいません,SING MY SELF,sɪŋ maɪ sɛlf
94,94,98,らりってきた ,LIE DETECTOR,laɪ dɪtɛktə
95,95,99,わたしはしんだ ,GOD BLESS YOU BOB SEE - YA,gɒd blɛs juː bɒb siː - jə
96,96,100,きしょうきしょうきしょう,SHOCK,ʃɒk
97,97,101,ここよけっきょくここよ,COO COO U I THINK YOU'RE COO COO U,kuː kuː juː aɪ θɪŋk jʊə kuː kuː juː
98,98,102,ちんぽまっくろでしょう,SHE        PUT         MY COOL IN SHOCK,ʃiː pʊt maɪ kuːl ɪn ʃɒk
99,99,103,そしてつかまる,SONST GIBT'S KRAWALLE,ɛs-əʊ-ɛn-ɛs-tiː ʤiː-aɪ-biː-tiːz keɪ-ɑːr-eɪ-dʌblju(ː)-eɪ-ɛl-ɛl-iː
100,100,104,うわぁーせいびょうー,AH SAVIOR,ɑː seɪvjə
101,101,105,ろっこつぽきりつうーいろっこつぽきりつうーい,LOOK        WHAT YOU FUCKING DID,lʊk wɒt juː fʌkɪŋ dɪd
102,102,106,すなもれた,SOONER OR LATER,suːnər ɔː leɪtə
103,103,107,あっにゅうりんきょにゅうっすね ,UNYIELDING        CONDITIONING,ʌnjiːldɪŋ kəndɪʃnɪŋ
104,104,108,らーめんにどくが ,LA MER EST ENCORE LA,lɑː ɛm-iː-ɑːr iː-ɛs-tiː ɒŋkɔː lɑː
105,105,109,いっさいですたい,INSIDE THE STATE,ɪnsaɪd ðə steɪt
106,106,110,つんとねつんとねわさびつんとね,THUNTSHWANE THUNTSHWANE BASADI THUNTSHWANE,tiː-eɪʧ-juː-ɛn-tiː-ɛs-eɪʧ-dʌblju(ː)-eɪ-ɛn-iː tiː-eɪʧ-juː-ɛn-tiː-ɛs-eɪʧ-dʌblju(ː)-eɪ-ɛn-iː biː-eɪ-ɛs-eɪ-diː-aɪ tiː-eɪʧ-juː-ɛn-tiː-ɛs-eɪʧ-dʌblju(ː)-eɪ-ɛn-iː
107,107,111,ねげろ,THINK IT OVER,θɪŋk ɪt əʊvə
108,108,112,おぉすげぇー ,OH SUCK IT,əʊ sʌk ɪt
109,109,113,りぽびたん,LOOK WHAT WE'VE DONE,lʊk wɒt wiːv dʌn
110,110,114,たけししゃがまない,"TALK IS CHEAP, SHUT UP AND DANCE","tɔːk ɪz ʧiːp, ʃʌt ʌp ænd dɑːns"
111,111,115,よしださんかんしゃにくる ,YOU'LL        SEE THE SUN COME SHINNING THROUGH,juːl siː ðə sʌn kʌm ʃɪnɪŋ θruː
112,112,116,いちまんえんにまんえんまけられるかい,IT'S        A MILE A RIZE. LEAVE IT A RAZE. WORKING ON THAT TRAIN,ɪts ə maɪl ə ɑːr-aɪ-zɛd-iː. liːv ɪt ə reɪz. wɜːkɪŋ ɒn ðæt treɪn
113,113,117,ふじごこ,WHO YOU GON CALL,huː juː ʤiː-əʊ-ɛn kɔːl
114,114,118,なにをおすとでるー ,I'M NOT YOURS FOR        BETTER,aɪm nɒt jɔːz fɔː bɛtə
115,115,119,ないりんさ,NOW HEAR THIS,naʊ hɪə ðɪs
116,116,120,いっせーのでわらわす,HE SAVE EVERYONE OF US,hiː seɪv ɛvrɪwʌn ɒv juːɛs
117,117,121,かさないいいじゃない,CAUSE TONIGHT IS THE NIGHT,kɔːz tənaɪt ɪz ðə naɪt
118,118,122,はぬくぞ,HIGH NOTE        CAUSE',haɪ nəʊt kɔːz
119,119,123,してほしいわ,SHE-DO-SHE-        BOP-SHE-BOP,ʃiː-duː-ʃiː-        bɒp-ʃiː-bɒp
120,120,124,でっけーなー ,THEY        CAN NOT,ðeɪ kæn nɒt
121,121,125,あせくせー,OF SUCCESS,ɒv səksɛs
122,122,126,たんすにごん,DANCE        ME. GO,dɑːns miː. gəʊ
123,123,127,みんなでいっしょに ,AIN'T        THAT A SHAME,eɪnt ðæt ə ʃeɪm
124,124,128,みせて,IS A        DAY,ɪz ə deɪ
125,125,129,まんげもうすげーな,MIND        GAMES TOGETHER,maɪnd geɪmz təgɛðə
126,126,130,とかちゃーん,TORMENTOR,tɔːmɛntə
127,127,131,わかってるいてっわかってるいてっわかってるよー,WELCOME TO YOUR DEATH,wɛlkəm tuː jɔː dɛθ
128,128,132,こざかしいったいどとるからねっ,CORPSE        YET CONCEIVED TIGHTEN. THE TOURNIQUET AROUND YOUR NECK,kɔːps jɛt kənsiːvd taɪtn. ðə tʊənɪkeɪ əraʊnd jɔː nɛk
129,129,133,あさぱぱねむーい,JUST DA. PIMPIM' IN        ME,ʤʌst dɑː. piː-aɪ-ɛm-piː-aɪ-ɛm ɪn miː
130,130,134,こどものおしっこ,GOT A MOTORCYCLE,gɒt ə məʊtəsaɪkl
131,131,135,はとさぶれー,BUT WITH SOMEONEELSE,bʌt wɪð ɛs-əʊ-ɛm-iː-əʊ-ɛn-iː-iː-ɛl-ɛs-iː
132,132,136,うんこみろ,WOOP. COMING IT UP,dʌblju(ː)-əʊ-əʊ-piː. kʌmɪŋ ɪt ʌp
133,133,138,ガチャピンですか ,BUT GOD'S UP IN THE        SKY,bʌt gɒdz ʌp ɪn ðə skaɪ
134,134,139,すーぴんふりてん,SIMPLY PRETEND,sɪmpli prɪtɛnd
135,135,140,おじょうさんながいじんせいふみいそぐなっぺ,OR JUST SOME MAGAZINE SAY. COULD BE IT'S SOME LOST FRIEND,ɔː ʤʌst sʌm ˌmægəziːn seɪ. kʊd biː ɪts sʌm lɒst frɛnd
136,136,141,おばたりあーん,OOH BACALIA,uː biː-eɪ-siː-eɪ-ɛl-aɪ-eɪ
137,137,142,ねぇせんせいえんかっぽい,UNNECESSARY        INCOMPLETE,ʌnnɛsɪsəri ˌɪnkəmpliːt
138,138,143,こうずいだー ,ECHOES IN THE,ɛkəʊz ɪn ðiː
139,139,144,あのときなめればよかった ,LOOKED        UP YOUR NUMBER IN MY ADDRESS PAD,lʊkt ʌp jɔː nʌmbər ɪn maɪ ədrɛs pæd
140,140,145,ちんぽこぐったりしてるね,C'E POCCO GUTTARE RESTERNE,C'E piː-əʊ-siː-siː-əʊ ʤiː-juː-tiː-tiː-eɪ-ɑːr-iː ˌriːɛs-tiː-iː-ɑːr-ɛn-iː
141,141,146,ちんこだせ,CHIN COULDA SING,ʧɪn kʊdə sɪŋ
142,142,147,とべとべじゃいあん,DOUGY-DOUGY         GIRO,diː-əʊ-juː-ʤiː-waɪ-diː-əʊ-juː-ʤiː-waɪ ʤiː-aɪ-ɑːr-əʊ
143,143,148,おくさまほてるひるまでいくら,OUTSIDE MY HOTEL WINDOW. I HEAR THE MARDI GRAS.,ˌaʊtsaɪd maɪ həʊtɛl wɪndəʊ. aɪ hɪə ði ɛm-eɪ-ɑː-diː-aɪ grɑː.
144,144,149,たのしいなつりそっちきんし,THE        MACHINE OF A DREAM. SUCH A CLEAN MACHINE,ðə məʃiːn ɒv ə driːm. sʌʧ ə kliːn məʃiːn
145,145,150,ずらはずそう,DO        THE HUSTLE,duː ðə hʌsl
146,146,151,めがねにあう,MEGAROMANIA,ɛm-iː-ʤiː-eɪ-ɑːr-əʊ-ɛm-eɪ-ɛn-aɪ-eɪ
147,147,152,さのしろうあそびたーい,SON OF SHEBA I SAW HIM DROWN,sʌn ɒv ɛs-eɪʧ-iː-biː-eɪ aɪ sɔː hɪm draʊn
148,148,153,ぱぱやれいもぎりままさぼる,PART        BIONIC AND ORGANIC NOT A CYBORG,pɑːt baɪɒnɪk ænd ɔːgænɪk nɒt ə siː-waɪ-biː-əʊ-ɑː-ʤiː
149,149,154,べっぴんさんちょっとえっち,FEND        FOR YOURSELF. AND SHUN THE HANDSHAKE,fɛnd fɔː jɔːsɛlf. ænd ʃʌn ðə hændʃeɪk
150,150,155,そーいやーばあちゃんようつうでしょー,"SO YOUNG,THAT YOUNG YOUR TRUE THE SHARE","səʊ jʌŋ,ðæt jʌŋ jɔː truː ðə ʃeə"
151,151,156,ちくびあんたまっくろ,SHE COULD BE ANOTHER CRONE,ʃiː kʊd biː ənʌðə krəʊn
152,152,157,こもちでしょこもちでしょ,COME        AND SEE THE SHOW,kʌm ænd siː ðə ʃəʊ
153,153,158,やめてえや,LET ME TELL YA,lɛt miː tɛl jə
154,154,159,あそこきもちいいがまんするもうだめ,I WOKE UP.         CAN'T WAIT TO EAT. GOT MY CEREAL.         BOYS WAS I BEAT,aɪ wəʊk ʌp.         kɑːnt weɪt tuː iːt. gɒt maɪ sɪərɪəl.         bɔɪz wɒz aɪ biːt
155,155,160,すいません,"IT'D        SEEM TO SAY, YEAH","ɪtəd siːm tuː seɪ, jeə"
156,156,161,このおんなかるいけどええ,GONNA WA I         GOT TO GET AWAY,gənə dʌblju(ː)-eɪ aɪ gɒt tuː gɛt əweɪ
157,157,162,いぼじ,EVIL        DEED,iːvl diːd
158,158,163,あんまりやあんまりやあんまりや,AY MARIA. MARIA. MARIA,aɪ məriːə. məriːə. məriːə
159,159,164,ぽーるまき,POR        MAS QUE,piː-əʊ-ɑː mɑːz kjuː-juː-iː
160,160,165,すうぉっちか,SHE        WHATCHA GOT,ʃiː wɒʧə gɒt
161,161,166,おきたらちゃわんにきびだんご,AKI        TEREMTSEM NE'KI VILA'GOT,eɪ-keɪ-aɪ tiː-iː-ɑːr-iː-ɛm-tiː-ɛs-iː-ɛm NE'KI VILA'GOT
162,162,167,ちゅばちゅばすわれそうでからだかんじて,TU        VAS TU VAS         SOUS LE SOLEIL         GARE A TOI         CAR JE VEILLE,tiː-juː væs tiː-juː væs suːz ɛl-iː ɛs-əʊ-ɛl-iː-aɪ-ɛl ʤiː-eɪ-ɑːr-iːr ə tiː-əʊ-aɪ kɑː ʤeɪ-iː viː-iː-aɪ-ɛl-ɛl-iː
163,163,168,あんたたのしそうね,AND        THE BALANCE DISTORTED,ænd ðə bæləns dɪstɔːtɪd
164,164,169,よしださーん,YOU'LL SEE THE SUN,juːl siː ðə sʌn
165,165,170,あなたのですか,IN        ADDITION,ɪn ədɪʃ(ə)n
166,166,171,れたす,RAPE US,reɪp juːɛs
167,167,172,どーもーどうぞいらっしゃい,NO MORE LIES AND DECEIT,nəʊ mɔː laɪz ænd dɪsiːt
168,168,173,らーめんもくう,LA MEME ENCRE COULAIT,lɑː miːm iː-ɛn-siː-ɑːr-iː siː-əʊ-juː-ɛl-eɪ-aɪ-tiː
169,169,174,ちょっとあんたなんだっぺな,TRY        TO HURT         ANOTHER BROTHER,traɪ tuː hɜːt ənʌðə brʌðə
170,170,175,ひみつ,KEEP REACHING,kiːp riːʧɪŋ
171,171,176,ゆうべちんぽかきすぎた,YOU        MAY ACHIEVE WHAT CAN'T BE         SIMPLY DONE,juː meɪ əʧiːv wɒt kɑːnt biː sɪmpli dʌn
172,172,177,いれててんぷら,IL ETAIT UN PRINCE,ɪl iː-tiː-eɪ-aɪ-tiː ˌʌn prɪns
173,173,178,あせがとびちる,SHE'S GOT HER TONGUE IN CHEEK,ʃiːz gɒt hɜː tʌŋ ɪn ʧiːk
174,174,179,わるよいするよ,WHILE THE NIGHT IS STILL YOUNG,waɪl ðə naɪt ɪz stɪl jʌŋ
175,175,180,ぴざたべたーい ,THESE        ARE         COPTIC TIMES,ðiːz ɑː kɒptɪk taɪmz
176,176,181,ひじょうにつかれた,HE'S        ONLY SKELETON,hiːz əʊnli skɛlɪtn
177,177,182,おなにーいけましぇん,ALL        I NEED GET MY SHARE,ɔːl aɪ niːd gɛt maɪ ʃeə
178,178,183,いれてとことん,IL        ETAIT ENCORE TEMPS,ɪl iː-tiː-eɪ-aɪ-tiː ɒŋkɔː tɛmps
179,179,184,こんばんわーどーもー,COME        MY WAY. TERROR,kʌm maɪ weɪ. tɛrə
180,180,185,ぼくかぜだもん,POR        CAUSA DO AMOR,piː-əʊ-ɑː siː-eɪ-juː-ɛs-eɪ duː eɪ-ɛm-əʊ-ɑː
181,181,186,あんためちゃにあわんな,HAND'PON        MI JAW         MI A WONDER,HAND'PON miː ʤɔː miː ə wʌndə
182,182,187,うーろんちゃでせんじなさい,POR        ONDE ANDEI SEM DIRECAO,piː-əʊ-ɑːr əʊ-ɛn-diː-iː eɪ-ɛn-diː-iː-aɪ ɛs-iː-ɛm diː-aɪ-ɑːr-iː-siː-eɪ-əʊ
183,183,188,よーしもういっけんいこう,ASK ME ANGEL,ɑːsk miː eɪnʤəl
184,184,189,いいわけするな,ERADICATION        OF EARTH'S,ɪˌrædɪkeɪʃən ɒv ɜːθs
185,185,190,おちんちん,ATTENTION,ətɛnʃ(ə)n
186,186,191,でーぶすぺくたーでーぶすぺくたーでーぶすぺくたー,NERVOUS        BREAKDOWN,nɜːvəs breɪkˌdaʊn
187,187,192,なんてことだはんのう,NO        TE EUCUENTRO EA AVADON,nəʊ tiː iː-juː-siː-juː-iː-ɛn-tiː-ɑːr-əʊ iː-eɪ eɪ-viː-eɪ-diː-əʊ-ɛn
188,188,194,いえでしたい,IT        IS TIME,ɪt ɪz taɪm
189,189,195,あぱーとできてるなぁ,HI-5        MORE DEAD THAN ALIVE,haɪ-5        mɔː dɛd ðæn əlaɪv
190,190,196,とうちゃんにぶらんでー,TOTALLY        BLENDED,təʊtli blɛndɪd
191,191,197,でもごしちご,DEMO        CUSTICO,dɛməʊ siː-juː-ɛs-tiː-aɪ-siː-əʊ
192,192,198,あーめんどくさい,I        REMEMBER TIME,aɪ rɪmɛmbə taɪm
193,193,199,にしぽんろんおほほ,CHAPER        ONE UHHH,ʧeɪpə wʌn juː-eɪʧ-eɪʧ-eɪʧ
194,194,200,あそばないあそばない,I        SAW THE LIGHT,aɪ sɔː ðə laɪt
195,195,201,ちょうじゅあんのしょうゆ,TOLD        YOU. I MUST SHOW YOU,təʊld juː. aɪ mʌst ʃəʊ juː
196,196,202,あんぱんまんさ,ARE        BY MY SIDE,ɑː baɪ maɪ saɪd
197,197,203,だっちわいふなくなった,THAT'S RIGHT KNOCK'EM        DOWN,ðæts raɪt KNOCK'EM daʊn
198,198,204,つまんねぇしうれしくねぇし,TO        MAN BAY TO THE BEST WAY,tuː mæn beɪ tuː ðə bɛst weɪ
199,199,205,すもうかなぁ,SMOKING        THAT,sməʊkɪŋ ðæt
200,200,206,かみきっちゃおうかもう,COME        AND GET YOUR COME ON,kʌm ænd gɛt jɔː kʌm ɒn
201,201,207,おんていがどうもなっていうかー,DON'T        THINK I DON'T WANT TO DO IT GIRL,dəʊnt θɪŋk aɪ dəʊnt wɒnt tuː duː ɪt gɜːl
202,202,208,ばけつにせっけんたくさん,IF I COULD SHIP SICKY TIES THAT,ɪf aɪ kʊd ʃɪp ɛs-aɪ-siː-keɪ-waɪ taɪz ðæt
203,203,209,めしくわすか,MEXE        COM AS CA,ɛm-iː-ɛks-iː kɒm æz siː-eɪ
204,204,210,ねこふんじゃったなあ,NEIGHBORHOOD         CHECK YOUR MOP,neɪbəhʊd ʧɛk jɔː mɒp
205,205,211,いのうえがんばれ,IGNORANT        CORPORATIONS,ɪgnərənt ˌkɔːpəreɪʃənz
206,206,212,しゃけだけくえくえ,CHUCKIE DUCKIE QUACK        QUACK,siː-eɪʧ-juː-siː-keɪ-aɪ-iː diː-juː-siː-keɪ-aɪ-iː kwæk kwæk
207,207,213,おぉそれかい,"OH,        SORIKI","əʊ,        ɛs-əʊ-ɑːr-aɪ-keɪ-aɪ"
208,208,214,きをつけてだめだこりゃ,KIDS        GET DOWN UNDERGROUND,kɪdz gɛt daʊn ʌndəgraʊnd
209,209,215,いたくなーい,HE        CRIED FOR NIGHT,hiː kraɪd fɔː naɪt
210,210,216,おなぺっとおなぺっと,WANNA        BET,wɒnə bɛt
211,211,217,あーいーなきもちいい,I AIN'T ASKIN' MUCH OF YOU,aɪ eɪnt ɑːskɪn mʌʧ ɒv juː
212,212,218,しかもけちだ,SHE'S GONNA GET YA,ʃiːz gənə gɛt jə
213,213,219,くいてーてんぷらを,FREEZING                CAN'T MOVE AT ALL,friːzɪŋ kɑːnt muːv æt ɔːl
214,214,220,がんばろう,DOWN        BELOW,daʊn bɪləʊ
215,215,221,いっぺんにだーうそでしょー,IMPENDING        DOOM FROM SHORE TO SHORE,ɪmpɛndɪŋ duːm frɒm ʃɔː tuː ʃɔː
216,216,223,けんけつしてんかー,CAN'T GET THE STICK OFF,kɑːnt gɛt ðə stɪk ɒf
217,217,224,きみへそまっくろ,KEEP        YOUR HANDS ON MY GIRLS,kiːp jɔː hændz ɒn maɪ gɜːlz
218,218,225,ほんじょうならいやだ,OM NAMAH NARAYANA,ɒm ɛn-eɪ-ɛm-eɪ-eɪʧ ɛn-eɪ-ɑːr-eɪ-waɪ-eɪ-ɛn-eɪ
219,219,226,おちんちんだおちんちんだーよ,WALTZING        MATILDA         WALTZING MATILDA         YOU'LL,wɔːlsɪŋ ɛm-eɪ-tiː-aɪ-ɛl-diː-eɪ wɔːlsɪŋ ɛm-eɪ-tiː-aɪ-ɛl-diː-eɪ juːl
220,220,227,がきのほうはでかい,BACK        IN THE WHERE THEY GOT,bæk ɪn ðə weə ðeɪ gɒt
221,221,228,うえのっとったかみのった,BUENOZOTA        BUENOTA,biː-juː-iː-ɛn-əʊ-zɛd-əʊ-tiː-eɪ biː-juː-iː-ɛn-əʊ-tiː-eɪ
222,222,230,しゃれいしゃれいはらえしゃれい,SHALANG        SHALANG ILOVE YA SHALANG,ɛs-eɪʧ-eɪ-ɛl-eɪ-ɛn-ʤiː ɛs-eɪʧ-eɪ-ɛl-eɪ-ɛn-ʤiː aɪ-ɛl-əʊ-viː-iː jə ɛs-eɪʧ-eɪ-ɛl-eɪ-ɛn-ʤiː
223,223,231,あっせーらーむーんだ,I        SAID I WONDER,aɪ sɛd aɪ wʌndə
224,224,232,のっちのぐそ,THE        MELTING OF THE SOUL,ðə mɛltɪŋ ɒv ðə səʊl
225,225,233,はんのうせいや,HUNDALASILIAH,eɪʧ-juː-ɛn-diː-eɪ-ɛl-eɪ-ɛs-aɪ-ɛl-aɪ-eɪ-eɪʧ
226,226,234,いきのびたい,ACHING        ALL THE TIME,eɪkɪŋ ɔːl ðə taɪm
227,227,237,たなかみさこ,DAME        ACA MI SACO,deɪm eɪ-siː-eɪ miː ɛs-eɪ-siː-əʊ
228,228,238,ばかばかばか,BAKKA BAKKA BAKKA,biː-eɪ-keɪ-keɪ-eɪ biː-eɪ-keɪ-keɪ-eɪ biː-eɪ-keɪ-keɪ-eɪ
229,229,239,なんやなんやどけー,DO        YA DO YA         LOOKY HERE,duː jə duː jə ɛl-əʊ-əʊ-keɪ-waɪ hɪə
230,230,240,くらいどうてい,I CRIED ALL DAY,aɪ kraɪd ɔːl deɪ
231,231,241,おっさんおっさんおっさんかおっさんえーじぶんだとおもう,WHAT'S UP WHAT'S UP WHAT'S UP GIRL WHAT'S UP        CRAZY FOR         ANOTHER ONE,wɒts ʌp wɒts ʌp wɒts ʌp gɜːl wɒts ʌp kreɪzi fɔːr ənʌðə wʌn
232,232,242,こんどーむええなぁ,"COUNT DOWN,　BABY","kaʊnt daʊn,　beɪbi"
233,233,243,あしもとがやっぱりやばめでこけそうだ,HOW SHE MOVES UP HER HIP        AND GO STRAIGHT TO SHOULDER,haʊ ʃiː muːvz ʌp hɜː hɪp ænd gəʊ streɪt tuː ʃəʊldə
234,234,244,かなしいなぁ,COMMISSIONER,kəmɪʃnə
235,235,245,めがみえない,MIRROR MIRROR,mɪrə mɪrə
236,236,246,そうろうだっちゅーの,SORROW         THAT YOU KNOW,sɒrəʊ ðæt juː nəʊ
237,237,247,だだだれから,THIS IS NOT A CURRENT,ðɪs ɪz nɒt ə kʌrənt
238,238,248,うーわあっちか,"OOH AAH,ICHY AHH","uː eɪ-eɪ-eɪʧ,aɪ-siː-eɪʧ-waɪ eɪ-eɪʧ-eɪʧ"
239,239,249,おしっこはまえもってすませ,"BULL SHIT WORK,        BODY FOR DESTRUCTION","bʊl ʃɪt wɜːk,        bɒdi fɔː dɪstrʌkʃən"
240,240,250,ぼんれすはむ,FROM THIS HOLLOW,frɒm ðɪs hɒləʊ
241,241,251,とうちゃんにおいぇなぁ,TORTURED STAND UP,tɔːʧəd stænd ʌp
242,242,252,ねばりけ,NEVER        DO AGAIN,nɛvə duː əgɛn
243,243,253,ほもばー,HUNG ABOUT,hʌŋ əbaʊt
244,244,254,ほもだこりゃほもだこりゃ,HORY MACK'L DERE... HORY        MACK'L DERE,eɪʧ-əʊ-ɑː-waɪ MACK'L diː-iː-ɑːr-iː... eɪʧ-əʊ-ɑː-waɪ MACK'L diː-iː-ɑːr-iː
245,245,255,いつまでねるかたもりさん,15 MILES AN HOUR CAUSE I'M        ALREADY STONED,15 maɪlz ən aʊə kɔːz aɪm ɔːlrɛdi stəʊnd
246,246,257,あたぶんういすきーじゃあありません,"A TIME RISQUE,A TART NO        SIR","ə taɪm rɪskeɪ,ə tɑːt nəʊ sɜː"
247,247,258,わたしゃつれない,WHAT A SATURDAY NIGHT,wɒt ə sætədeɪ naɪt
248,248,259,おならちょっとだそう,ON A L'AGE DE RAISON,ɒn ə L'AGE diː ɑːr-eɪ-aɪ-ɛs-əʊ-ɛn
249,249,260,あせがでん,I SAID GOD DAMN,aɪ sɛd gɒd dæm
250,250,261,おきゃくさんへにおいで,I GET SO EXCITED,aɪ gɛt səʊ ɪksaɪtɪd
251,251,262,おっとはしんでるよ,BONE CRUSHING ALIEN,bəʊn krʌʃɪŋ eɪliən
252,252,263,こりゃちゅうじえんだ,ACCORDING TO DEMAND,əkɔːdɪŋ tuː dɪmɑːnd
253,253,264,いえかさんかい,"YEAH, CROSS ON FIRE","jeə, krɒs ɒn faɪə"
254,254,265,へんなかみのかみさーん,AND THE COTTON LORD COTTONS        HIGH,ænd ðə kɒtn lɔːd kɒtnz haɪ
255,255,266,なにやってもいっしょですってね,STANDING AT THE BRIDGE OF        DESTINY,stændɪŋ æt ðə brɪʤ ɒv dɛstɪni
256,256,267,あいしてんだろ,I STAND ALONE,aɪ stænd ələʊn
257,257,268,しんでしまいなさいそれではかんちょう,THIS IS MY DESIRE TALKING 'BOUT        CULTURE,ðɪs ɪz maɪ dɪzaɪə tɔːkɪŋ baʊt kʌlʧə
258,258,269,どうしたのうんこくさい,GO TAKE ON FOR GOD'S SAKE,gəʊ teɪk ɒn fɔː gɒdz seɪk
259,259,270,ばかじゃねえさーふぃんおもしろいかい,BAGGAGE AND IT'S ALL THE        EMOTIONAL KIND,bægɪʤ ænd ɪts ɔːl ði ɪməʊʃənl kaɪnd
260,260,271,へいさか,HEY SUCKER,heɪ sʌkə
261,261,272,しかられぞん,JUSQU'A LA RAISON,JUSQU'A lɑː ɑːr-eɪ-aɪ-ɛs-əʊ-ɛn
262,262,273,これだろおくさん,CALL IT BAD LUCK UNCLE SAM,kɔːl ɪt bæd lʌk ʌŋkl sæm
263,263,274,おれまいおりがみ,OR AM I ORIGAMI,ɔːr æm aɪ ˌɒrɪgɑːmi
264,264,275,おーっどこつうぇんだぁ,OH　DON'T YOU KNOW,əʊ dəʊnt juː nəʊ
265,265,276,げりしたげりしたたもりがたもりがげりした,"TERESITA, TERESITA,        TAN BONITA TAN BONITA TERESITA","tiː-iː-ɑːr-iː-ɛs-aɪ-tiː-eɪ, tiː-iː-ɑːr-iː-ɛs-aɪ-tiː-eɪ,        tæn biː-əʊ-ɛn-aɪ-tiː-eɪ tæn biː-əʊ-ɛn-aɪ-tiː-eɪ tiː-iː-ɑːr-iː-ɛs-aɪ-tiː-eɪ"
266,266,277,あそこたててみちんこ,"A ESCOLTA ATENTAMENTE, CINCO","ə iː-ɛs-siː-əʊ-ɛl-tiː-eɪ eɪ-tiː-iː-ɛn-tiː-eɪ-ɛm-iː-ɛn-tiː-iː, siː-aɪ-ɛn-siː-əʊ"
267,267,278,きつくふんじゃいたいいたいいたい,THE KIDS COULDN'T HURT JACK        THEY TRIED AND TRIED AND TRIED,ðə kɪdz kʊdnt hɜːt ʤæk ðeɪ traɪd ænd traɪd ænd traɪd
268,268,279,あーいたいはらいたい,NICE NICE I LIKE THAT,naɪs naɪs aɪ laɪk ðæt
269,269,280,まぜてのんでぇ,MAN SIEHT IHN UM DIE,mæn ɛs-aɪ-iː-eɪʧ-tiː aɪ-eɪʧ-ɛn əm daɪ
270,270,281,なめていいぞおれのなら,ANOTHER DAY IS         OVER AND NIGHT HAS,ənʌðə deɪ ɪz əʊvər ænd naɪt hæz
271,271,282,ばあちゃんのて,BACHIANO TE,biː-eɪ-siː-eɪʧ-aɪ-eɪ-ɛn-əʊ tiː
272,272,283,ちくび,SHE COULD BE,ʃiː kʊd biː
273,273,284,ひさしぶりそいつはげいだなぁぶちょう,HE'D SLASH YOUR GRANNY'S        FACE UP GIVEN HALF A CHANCE,hiːd slæʃ jɔː græniz feɪs ʌp gɪvn hɑːf ə ʧɑːns
274,274,286,そりゃないな,S WHAT I KNOW,ɛs wɒt aɪ nəʊ
275,275,287,のりまーす,NO REMORSE,nəʊ rɪmɔːs
276,276,288,げんといれでいのってる,A RA        TORRE DE UN HOTEL,ə ɑːr-eɪ tiː-əʊ-ɑːr-ɑːr-iː diː ˌʌn həʊtɛl
277,277,289,あほなほうにょうはん,I        WANNA         HOLD YOUR HAND,aɪ wɒnə həʊld jɔː hænd
278,278,290,あっかとちゃんすもうあせっちゃいや,I GOT        TO TRY SOME MORE I SAID TRY,aɪ gɒt tuː traɪ sʌm mɔːr aɪ sɛd traɪ
279,279,291,そうぶせんのれーる,SOUL FOR SALE OR RENT,səʊl fɔː seɪl ɔː rɛnt
280,280,292,あまめ,I'M A MAN,aɪm ə mæn
281,281,293,じいじいじいれじそこれじそこ,CHEER CHEER CHEER LET        YOURSELF GO LET YOURSELF GO,ʧɪə ʧɪə ʧɪə lɛt jɔːsɛlf gəʊ lɛt jɔːsɛlf gəʊ
282,282,294,いんきんでいんぽ,INK        IN THE INKPOT,ɪŋk ɪn ði ɪŋkpɒt
283,283,295,げっゆたんぽかんでら,CHE        IL TEMPO CAMBIERA,siː-eɪʧ-iː ɪl tɛmpəʊ siː-eɪ-ɛm-biː-aɪ-iː-ɑːr-eɪ
284,284,296,あのぅあのぅこしょう,I        KNOW I KNOW FOR SURE,aɪ nəʊ aɪ nəʊ fɔː ʃʊə
285,285,297,ちんちんあらえ,THING        THING ARISE,θɪŋ θɪŋ əraɪz
286,286,298,かつどんば,GOT        TO KNOW THE WOMAN,gɒt tuː nəʊ ðə wʊmən
287,287,299,きらーかーん,CAN ROCK ON,kæn rɒk ɒn
288,288,300,ひびやけだらけ,HERE WE ARE TOGETHER AGAIN,hɪə wiː ɑː təgɛðər əgɛn
289,289,301,おんしのすなっくこんぱ,WHAT YOU TO KNOW HE'S NOT        COME BACK,wɒt juː tuː nəʊ hiːz nɒt kʌm bæk
290,290,302,あしゆ,I        SEE YOU,aɪ siː juː
291,291,303,わわたなべさん,WHAT        TIME IS IT,wɒt taɪm ɪz ɪt
292,292,304,しゃどうはげのおどり,SHADOW        HANGING OVER ME,ʃædəʊ hæŋɪŋ əʊvə miː
293,293,305,うえからかいこです,WE'RE        GONNA PAY 4 THIS,wɪə gənə peɪ 4 ðɪs
294,294,306,おなってない,I'M        NOT THAT NAIVE,aɪm nɒt ðæt nɑːiːv
295,295,307,あねくさったぎょしょくったらべんぴぶぅー,LA        HORA EXACTA SERA LA CUATRO Y VEINTE,lɑː hɔːrə iː-ɛks-eɪ-siː-tiː-eɪ sɪərə lɑː siː-juː-eɪ-tiː-ɑːr-əʊ waɪ viː-iː-aɪ-ɛn-tiː-iː
296,296,308,ぱいずりぱいずりぱいずりぱいずり,CRAZY,kreɪzi
297,297,309,びっくりしたおばさんにどんなのしてんだへぇーどんなのしてんだあお,BECAUSE        NOW ITS ON ME DON'T UNDERSTAND IT HEY DON'T UNDERSATAND IT AOW,bɪkɒz naʊ ɪts ɒn miː dəʊnt ˌʌndəstænd ɪt heɪ dəʊnt ˌʌndiː-iː-ɑːr-ɛs-eɪ-tiː-eɪ-ɛn-diː ɪt eɪ-əʊ-dʌblju(ː)
298,298,310,つけげつけげつけげつけげ,SKENG        AH SKENG AH SKENG AH SKENG AH,ɛs-keɪ-iː-ɛn-ʤiː ɑː ɛs-keɪ-iː-ɛn-ʤiː ɑː ɛs-keɪ-iː-ɛn-ʤiː ɑː ɛs-keɪ-iː-ɛn-ʤiː ɑː
299,299,311,あなたすりっぷしながらけいれい,ANOTHER        SLEEPLESS NIGHT I CAN'T EXPLAIN,ənʌðə sliːplɪs naɪt aɪ kɑːnt ɪkspleɪn
300,300,312,おっぱいびろーん,OF        BABYLON,ɒv bæbɪlən
301,301,313,はまっちまった,HOW        MUCH OF MY TIME,haʊ mʌʧ ɒv maɪ taɪm
302,302,314,せびろでゆにっとばす,SAVIOR        OF THE UNIVERS,seɪvjər ɒv ði ˌʌnaɪ-viː-iː-ɑːr-ɛs
303,303,315,そうまちゃみそうまちゃみ,SO        MUCH IN ME SO MUCH IN ME,səʊ mʌʧ ɪn miː səʊ mʌʧ ɪn miː
304,304,316,ぱんぱんぱんぱんぱんこぱんてぃぱんこぱんこぱんてぃぱんてぃ,FA        FA FA FA FALCO ROCK ME FALCO FALCO ROCK ME ROCK ME,fɑː fɑː fɑː fɑː ɛf-eɪ-ɛl-siː-əʊ rɒk miː ɛf-eɪ-ɛl-siː-əʊ ɛf-eɪ-ɛl-siː-əʊ rɒk miː rɒk miː
305,305,317,へこんだぺー,PICK        UP THE PACE HERE COME        THE PAIN,pɪk ʌp ðə peɪs hɪə kʌm ðə peɪn
306,306,318,おちんちんふりあにきひっぱるね,WHAT        SETS YOU FREE I NEED YOU HERE BY ME,wɒt sɛts juː friː aɪ niːd juː hɪə baɪ miː
307,307,319,かるくあそこをしゅうせい,BUT        IF YOU ASK HER SHE'LL SAY,bʌt ɪf juː ɑːsk hɜː ʃiːl seɪ
308,308,320,ぼうさんにえらばれるかに,MOSAMI        LENAQOOL EL QAREEB,ɛm-əʊ-ɛs-eɪ-ɛm-aɪ ɛl-iː-ɛn-eɪ-kjuː-əʊ-əʊ-ɛl ɛl kjuː-eɪ-ɑːr-iː-iː-biː
309,309,321,ばななくさる,BUT        I'M NOT CONCERNED,bʌt aɪm nɒt kənsɜːnd
310,310,322,だいじなますからだぁー,DEUTSCHLAND        HAS GOTTA DIE,diː-iː-juː-tiː-ɛs-siː-eɪʧ-ɛl-eɪ-ɛn-diː hæz gɒtə daɪ
311,311,323,よよよめほらほらよめふまきらーついてるよ,YO        YO YO MAN HOLD IT HOLD IT YO MEN WHOM I KILLING TAPE AT        GUY,jəʊ jəʊ jəʊ mæn həʊld ɪt həʊld ɪt jəʊ mɛn huːm aɪ kɪlɪŋ teɪp æt gaɪ
312,312,324,よしさきにこいみずなしことのめたらじんろだったんだよ,JA        ZIVIN ZA GRIVKOLJ I ZA BRZINU METALA ZIVIM NAPAMET,ʤeɪ-eɪ zɛd-aɪ-viː-aɪ-ɛn zɛd-eɪ ʤiː-ɑːr-aɪ-viː-keɪ-əʊ-ɛl-ʤeɪ aɪ zɛd-eɪ biː-ɑː-zɛd-aɪ-ɛn-juː ɛm-iː-tiː-eɪ-ɛl-eɪ zɛd-aɪ-viː-aɪ-ɛm ɛn-eɪ-piː-eɪ-ɛm-iː-tiː
313,313,325,あわびよめん,I        WILL BE YOUR MAN,aɪ wɪl biː jɔː mæn
314,314,326,なんてんまんてんいちおうじゅうさんてん,I'M        THERE BURN IT DOWNCHIL DO YOU HEAR SOMETHING,aɪm ðeə bɜːn ɪt diː-əʊ-dʌblju(ː)-ɛn-siː-eɪʧ-aɪ-ɛl duː juː hɪə sʌmθɪŋ
315,315,327,けれどせいのうのさで,QUERES        DECIR NO NO SABE,kjuː-juː-iː-ɑːr-iː-ɛs diː-iː-siː-aɪ-ɑː nəʊ nəʊ ɛs-eɪ-biː-iː
316,316,328,ほしたちんぽ,PUSH        THE TEMPO,pʊʃ ðə tɛmpəʊ
317,317,329,みやぎけんじゃやすみはねてんだ,MI A        DI DANGER YES MI A DI DANGER,miː ə di deɪnʤə jɛs miː ə di deɪnʤə
318,318,330,どてのおっさんぼくのぱぱ,DON'T        PLAY NO MORE SONG BOP BE DOD B-BOP,dəʊnt pleɪ nəʊ mɔː sɒŋ bɒp biː diː-əʊ-diː biː-bɒp
319,319,331,ちんちんをこぴー,TEA        TEA AND COFFEE,tiː tiː ænd kɒfi
320,320,332,どんくさくない,THE        DARK SACRED NIGHT,ðə dɑːk seɪkrɪd naɪt
321,321,333,れんこんすきですいまだれっすか,THERE        GOES SICKNESS IN MY DADDY'S CAR,ðeə gəʊz sɪknɪs ɪn maɪ dædiz kɑː
322,322,334,くるまないおっとやばい,KILLUMINATI        ALL THOUGH YOUR BODY,keɪ-aɪ-ɛl-ɛl-juː-ɛm-aɪ-ɛn-eɪ-tiː-aɪ ɔːl ðəʊ jɔː bɒdi
323,323,335,けんきゅういんよーしこいてーまはのう,YOU        CAN'T GET AWAY YOU CAN'T KEEP AWAY NO,juː kɑːnt gɛt əweɪ juː kɑːnt kiːp əweɪ nəʊ
324,324,336,おやじでれっとして,"OH        YES, HE DID LEAVE THE STAGE","əʊ jɛs, hiː dɪd liːv ðə steɪʤ"
325,325,337,へんなのはみだしちゃったもうへんたいだ,AND        I KNOW I'M INDESTRUCTABLE AND I KNOW,ænd aɪ nəʊ aɪm aɪ-ɛn-diː-iː-ɛs-tiː-ɑː-juː-siː-tiː-eɪ-biː-ɛl-iː ænd aɪ nəʊ
326,326,338,いないぜどろぼうできしだ,THE        NIGHT THEY DROVE OLD DIXIE DOWN,ðə naɪt ðeɪ drəʊv əʊld dɪksi daʊn
327,327,340,そろそろなまなめそろそろしあわせね,SO        LONG SO LONG         NOW I'M ON MY WAY         SO LONG SO LONG         SEE YOU ALL SOMEDAY,səʊ lɒŋ səʊ lɒŋ naʊ aɪm ɒn maɪ weɪ səʊ lɒŋ səʊ lɒŋ siː juː ɔːl sʌmˌdeɪ
328,328,341,あめですか,I        MET THIS GUY,aɪ mɛt ðɪs gaɪ
329,329,342,いーばらき,ABRAHAM,eɪbrəhæm
330,330,343,やさいないかもったいないきがしてふすまは,DENN        SEINER KRAFT KONNT' KEINER WIDERSTEHN HU HA,diː-iː-ɛn-ɛn seɪnə keɪ-ɑːr-eɪ-ɛf-tiː keɪ-əʊ-ɛn-ɛn-tiː keɪ-iː-aɪ-ɛn-iː-ɑː dʌblju(ː)-aɪ-diː-iː-ɑːr-ɛs-tiː-iː-eɪʧ-ɛn eɪʧ-juː hɑː
331,331,344,やのやのせんえんてなにうぉん,Y'ALL        ALL Y'ALL DON'T SAY NOTHIN' THEN I WON'T,jɔːl ɔːl jɔːl dəʊnt seɪ nʌθɪn ðɛn aɪ wəʊnt
332,332,345,おなにーやれおなにーやれおなにーやれおなにーやれおなにーやれおなにーやれ,PUNAAY        ALL DAY  PUNAAY ALL DAY   PUNAAY ALL DAY PUNAAY ALL DAY,piː-juː-ɛn-eɪ-eɪ-waɪ ɔːl deɪ piː-juː-ɛn-eɪ-eɪ-waɪ ɔːl deɪ piː-juː-ɛn-eɪ-eɪ-waɪ ɔːl deɪ piː-juː-ɛn-eɪ-eɪ-waɪ ɔːl deɪ
333,333,346,ぱぱよにげはかばのーぱん,FUN        RIDE YOU NEED TO HAVE A MANEUVER,fʌn raɪd juː niːd tuː hæv ə mənuːvə
334,334,347,どこいったんだだんたいさん,TRUCOS        TRANZAS LA TRAICION,tiː-ɑː-juː-siː-əʊ-ɛs tiː-ɑːr-eɪ-ɛn-zɛd-eɪ-ɛs lɑː tiː-ɑːr-eɪ-aɪ-siː-aɪ-əʊ-ɛn
335,335,348,いろいろなひとがいろいろなひとといろいろなあいを,YOU        KNOW YOU'RE MESSED UP BRA         YOU KNOW YOU'RE MESSED UP         YOU KNOW YOU'RE         HOW YOU GO,juː nəʊ jʊə mɛst ʌp brɑː juː nəʊ jʊə mɛst ʌp juː nəʊ jʊə haʊ juː gəʊ
336,336,349,あもうしか,I'M        ALL SHOOK UP,aɪm ɔːl ʃʊk ʌp
337,337,350,あのあのはなのうえにくろじのぺん,I        KNOW I KNOW　        I NEVER MEANT TO         CAUSE YOU NO PAIN,aɪ nəʊ aɪ nəʊ aɪ nɛvə mɛnt tuː kɔːz juː nəʊ peɪn
338,338,351,だれでもいいべ,BETTER        BELIEVE IT,bɛtə bɪliːv ɪt
339,339,352,ほーらてんぷらまにあわない,PULL        THE TAPEWORM         OUT OF YOUR ASS,pʊl ðə teɪpwɜːm aʊt ɒv jɔːr æs
340,340,353,はでなずぼん,HAVING        LOTS OF FUN,hævɪŋ lɒts ɒv fʌn
341,341,354,たりないんだなないとうの,FRIDAY        NIGHT AND THE         LIGHT ARE LOW,fraɪdeɪ naɪt ænd ðə laɪt ɑː ləʊ
342,342,355,ちんちんよくみなさい,DID        YOU         COMMUNICATE,dɪd juː kəmjuːnɪkeɪt
343,343,356,どのまちもひっそり,DON'T        KNOW MUCH         ABOUT HISTORY,dəʊnt nəʊ mʌʧ əbaʊt hɪstəri
344,344,357,あにがひろうあほになぐるひろちゃんにえんりょがない,I        NEED A HERO I'M         HOLDING OUT FOR A        HERO TILL THE         END OF THE NIGHT,aɪ niːd ə hɪərəʊ aɪm həʊldɪŋ aʊt fɔːr ə hɪərəʊ tɪl ði ɛnd ɒv ðə naɪt
345,345,358,へいじいちゃんれいめんみっつも,HAY        TEACHERS LEAVE        US KIDS ALONE,heɪ tiːʧəz liːv juːɛs kɪdz ələʊn
346,346,359,まずい,MILES        AWAY,maɪlz əweɪ
347,347,360,おゆにいれるづら,ALL        YOU NEED IS LOVE,ɔːl juː niːd ɪz lʌv
348,348,361,えんでん,AND THEN,ænd ðɛn
349,349,362,けいこあのあのゆうこのむすめ,I        CAN'T GO COLD         I KNOW I KNOW        YOU GONNA MISS ME,aɪ kɑːnt gəʊ kəʊld aɪ nəʊ aɪ nəʊ juː gənə mɪs miː
350,350,363,のーしんええで,KNOW        WHAT I'M SAYING         HIT IT,nəʊ wɒt aɪm seɪɪŋ hɪt ɪt
351,351,364,ゆのみべつなんだ,YOU        KNOW ME         BETTER THAN THAT,juː nəʊ miː bɛtə ðæn ðæt
352,352,365,さらりーまんはそうこ,SELLIN'        AIN'T MAMA         SOFA,sɛlɪn eɪnt məmɑː səʊfə
353,353,366,おふろ,OH        LORD,əʊ lɔːd
354,354,367,おいきたろうはたらけ,MY        FELLOW AMERICANS,maɪ fɛləʊ əmɛrɪkənz
355,355,368,あべのまま,I'VE        MADE UP MY MIND,aɪv meɪd ʌp maɪ maɪnd
356,356,369,びこうちゅうおばはんあほ,BECAUSE        YOU'RE         ALL I HAVE MY BOY,bɪkɒz jʊər ɔːl aɪ hæv maɪ bɔɪ
357,357,370,あついであついであついばかにすんな,ACCIDENT        ACCIDENT         ACCI BUCKLE YOUR         SEATBELT,æksɪdənt æksɪdənt eɪ-siː-siː-aɪ bʌkl jɔː siːtbɛlt
358,358,371,おわらない,OH        WHAT A NIGHT,əʊ wɒt ə naɪt
359,359,372,じゅうえんならいーでぃー,YOU        HAVE NARRATED,juː hæv nəreɪtɪd
360,360,373,てぃーぞーんにしょーがーる,TEARS ON YOUR         SHOULDER,teəz ɒn jɔː ʃəʊldə
361,361,374,かたくりらーめんゆげがぴゅー,GOT THE GOOD         LIFE AND         YOU GET ABUSED,gɒt ðə gʊd laɪf ænd juː gɛt əbjuːzd
362,362,375,はえそうはえふっそうはえぱん,HOT IN SO HOT IN HERE SO HOT IN　EH,hɒt ɪn səʊ hɒt ɪn hɪə səʊ hɒt ɪn eɪ
363,363,376,きゅうのばいにしたい,KILL        NOBODY THIS TIME,kɪl nəʊbədi ðɪs taɪm
364,364,377,うっそどうてい,I WAS SO EXOTIC,aɪ wɒz səʊ ɪgzɒtɪk
365,365,378,ゆげたまらん,YOU CAN COME ALONE,juː kæn kʌm ələʊn
366,366,379,そんけいのめです,SOME KIND OF MEDICINE,sʌm kaɪnd ɒv mɛdsɪn
367,367,380,あわびいっちょうあわび,I'M BEAT Y'ALL HEY A BE,aɪm biːt jɔːl heɪ ə biː
368,368,381,ぱんてぃうるおう,PARTIRO,piː-eɪ-ɑː-tiː-aɪ-ɑːr-əʊ
369,369,382,しながわでーとはけっこうやろう,SEEM THAT NOWDAYS        THERE'S NO         ESCAPE FROM IT ALL,siːm ðæt ɛn-əʊ-dʌblju(ː)-diː-eɪ-waɪ-ɛs ðeəz nəʊ ɪskeɪp frɒm ɪt ɔːl
370,370,383,すしかってなんぱ,SUSIE GOT YOUR NUMBER,suːzi gɒt jɔː nʌmbə
371,371,384,じゅけんせいへいめんを,YOU CAN'T SAY HEY MAN,juː kɑːnt seɪ heɪ mæn
372,372,385,さぼるなしんじんこい,OUTSIDE WORLD AND I'M        SEALED IN TIGHT,ˌaʊtsaɪd wɜːld ænd aɪm siːld ɪn taɪt
373,373,386,すしのでまえ,SURGEON OF DEMISE,sɜːʤən ɒv dɪmaɪz
374,374,387,おいらよさくてでみそくう,OH MY LOVE         YOU'RE SO GOOD         TREATING ME SO CRUEL,əʊ maɪ lʌv jʊə səʊ gʊd triːtɪŋ miː səʊ krʊəl
375,375,388,おなにーにつかう,ALL MY LADIES CAR,ɔːl maɪ leɪdɪz kɑː
376,376,389,にじかんいじくる,EASY COME EASY GO,iːzi kʌm iːzi gəʊ
377,377,390,なかにひとはいるか,MONOGAMY IS THE         WAY TO GO,mɒnɒgəmi ɪz ðə weɪ tuː gəʊ
378,378,391,ばかみたいなとれーなーね,BALD HAB ICH KEINE        TRANEN MEHR,bɔːld eɪʧ-eɪ-biː aɪ-siː-eɪʧ keɪ-iː-aɪ-ɛn-iː tiː-ɑːr-eɪ-ɛn-iː-ɛn ɛm-iː-eɪʧ-ɑː
379,379,392,じょうほうがあついゆ,JOE HOOKER I SEE YOU,ʤəʊ hʊkər aɪ siː juː
380,380,393,いえましぇんつれましぇん,YOU WERE MY SHELTER        AND MY SHADE,juː wɜː maɪ ʃɛltər ænd maɪ ʃeɪd
381,381,394,あらぐんそう,OUT OF        CONTROL,aʊt ɒv kəntrəʊl
382,382,395,みそでした,ME SO        TO START,miː səʊ tuː stɑːt
383,383,396,ないようないよう,NOW Y'ALL        NOW Y'ALL,naʊ jɔːl naʊ jɔːl
384,384,397,おゆないかありがとおゆないかおゆないかあるじゃねぇの,HOW        YOU LIKE THAT ALL TOGETHER        HOW YOU LIKE THAT HOW YOU LIKE THAT     ALL TOGETHER NOW,haʊ juː laɪk ðæt ɔːl təgɛðə haʊ juː laɪk ðæt haʊ juː laɪk ðæt ɔːl təgɛðə naʊ
385,385,398,いきたままあげられる,EACH        TIME ON MY ARM YOU LANDED,iːʧ taɪm ɒn maɪ ɑːm juː lændɪd
386,386,399,あにきくんにごふん,AND IT YOU COULDN'T BE        BOTHERED,ænd ɪt juː kʊdnt biː bɒðəd
387,387,400,いなりだけしゃりなし,AIN'T        NOTHIN' LIKE IT　        SHINING MACHINE,eɪnt nʌθɪn laɪk ɪt ʃaɪnɪŋ məʃiːn
388,388,401,ないぞうへん,LIES        AHEAD,laɪz əhɛd
389,389,402,おんせいさんのおすし,ONE        SAYS SUN AND         ONE SAYS SLEET,wʌn sɛz sʌn ænd wʌn sɛz sliːt
390,390,403,そうむかのまつだ,SOME        KIND OF MONSTER,sʌm kaɪnd ɒv mɒnstə
391,391,404,おおちょっとまて,GO ON        TELL A         ABOUT IT,gəʊ ɒn tɛl ə əbaʊt ɪt
392,392,405,でぶっておしてぇな,DEAD        BUT THEY         WON'T STAND UP,dɛd bʌt ðeɪ wəʊnt stænd ʌp
393,393,406,べんじょくらい,I'VE        BEEN TO CRY,aɪv biːn tuː kraɪ
394,394,407,そんなもだえじゃない,THUNDERABOLT        AND         LIGHT,tiː-eɪʧ-juː-ɛn-diː-iː-ɑːr-eɪ-biː-əʊ-ɛl-tiː ænd laɪt
395,395,408,ふたどめのとうきょうどーむ,MEANER        THAN A         JUNK YARD DOG,miːnə ðæn ə ʤʌŋk jɑːd dɒg
396,396,409,むすこむすこだいじないっすんぼうしなくしたりしたらたいへんよわはははは,MOSKAU        MOSKAU         DEINE SEELE IST SO        GROSS         NACHTS DA IST DER         TEUFUL LOS         HA HA HA HA HA,ɛm-əʊ-ɛs-keɪ-eɪ-juː ɛm-əʊ-ɛs-keɪ-eɪ-juː diː-iː-aɪ-ɛn-iː ɛs-iː-iː-ɛl-iː aɪ-ɛs-tiː səʊ grəʊs ɛn-eɪ-siː-eɪʧ-tiː-ɛs dɑː aɪ-ɛs-tiː diː-iː-ɑː tiː-iː-juː-ɛf-juː-ɛl ɛl-əʊ-ɛs hɑː hɑː hɑː hɑː hɑː
397,397,410,ずらかってじいさん,IT'S        LIKE A DISEASE SON,ɪts laɪk ə dɪziːz sʌn
398,398,411,しねっちゅーの,SHE        MEANT YOU NO,ʃiː mɛnt juː nəʊ
399,399,412,かあさんはぶなぐったはぶなぐった,CAUSE I'M         HAVING A GOOD TIME         HAVING A GOOD TIME,kɔːz aɪm hævɪŋ ə gʊd taɪm hævɪŋ ə gʊd taɪm
400,400,413,とんぼじゃねえじゃん,TOMBE        LA NEIGE,tiː-əʊ-ɛm-biː-iː lɑː ɛn-iː-aɪ-ʤiː-iː
401,401,414,まげこげちゃう,MARKIE-GO-GET        YOUR,ɛm-eɪ-ɑː-keɪ-aɪ-iː-gəʊ-gɛt jɔː
402,402,415,わしだけどうして,WHY SHOULD I CARE         THOUGH SHE GAVE,waɪ ʃʊd aɪ keə ðəʊ ʃiː geɪv
403,403,416,ぬりかべがにい,NE        RIMENT QU'AVEC         ENNUI,ɛn-iː ɑːr-aɪ-ɛm-iː-ɛn-tiː QU'AVEC ɑːnwiː
404,404,417,へいはさむちんちん,PAY        HER SOME         ATTENTION,peɪ hɜː sʌm ətɛnʃ(ə)n
405,405,418,うそいえーちょっとおわんない,BOOTS        ON TEA      DO YOU KNOW WHAT MATE,buːts ɒn tiː duː juː nəʊ wɒt meɪt
406,406,419,たまだたまきんだおだまり,TIME        AFTER         TIME I GAVE YOU         ALL OF MY MONEY,taɪm ɑːftə taɪm aɪ geɪv juː ɔːl ɒv maɪ mʌni
407,407,420,どうなってんだろ,DO NOT        BEND AT ALL,duː nɒt bɛnd æt ɔːl
408,408,421,すべりだいぱんだはつこんびみえないでしょ,I'M        SPELLBOUND         AN AVATAR         HAS CAUGHT ME         I'M IN A DAZE,aɪm spɛlbaʊnd ən ˌævətɑː hæz kɔːt miː aɪm ɪn ə deɪz
409,409,422,あっのみものへったあっのみものへったへった,I KNOW        YOU WANNA         HIT THAT　        I KNOW YOU WANNA         HIT THAT HIT THAT,aɪ nəʊ juː wɒnə hɪt ðæt aɪ nəʊ juː wɒnə hɪt ðæt hɪt ðæt
410,410,423,ほうにょうかなしい,HOME        YOU'RE         GONNA SEE,həʊm jʊə gənə siː
411,411,424,ゆきもちゃうねん,YOU        KEEP ON SHOUTIN',juː kiːp ɒn ʃaʊtɪn
412,412,425,しそさんにちめ,SHE        SAW ME COMING,ʃiː sɔː miː kʌmɪŋ
413,413,426,いちょうおれごのみやな,GETTING'        OUT IS WHAT IT'S GONNA BE ABOUT,gɛtɪn aʊt ɪz wɒt ɪts gənə biː əbaʊt
414,414,427,いかっておなにーふざけておなにー,YOU      GOT ME ON MY KNEESI'M BEGGING DARLING PLEASE,juː gɒt miː ɒn maɪ KNEESI'M bɛgɪŋ dɑːlɪŋ pliːz
415,415,428,あっやまたってひとえにかいたひと,I AM        A LOBSTER EVERYBODY SAYS SO,aɪ æm ə lɒbstər ɛvrɪbɒdi sɛz səʊ
416,416,429,おっぱいまわせー,ALL        BY MYSELF,ɔːl baɪ maɪsɛlf
417,417,430,どうていがしんだ,DON'T        TAKE ACTION NOW,dəʊnt teɪk ækʃ(ə)n naʊ
418,418,431,しょうゆあわび,SHOW        YOU HOW I FEEL,ʃəʊ juː haʊ aɪ fiːl
419,419,432,ありがとさらばだ,I'VE        GOT THOSE SAD-ABOUT-'IM,aɪv gɒt ðəʊz sæd-əbaʊt-aɪ-ɛm
420,420,433,そろばんちゅうはははええやないか,IT'S        ALL ABOUT YOU HAH HAH HAH YOU NIGGER,ɪts ɔːl əbaʊt juː hɑː hɑː hɑː juː nɪgə
421,421,434,こっちのうわぎすけるよすけるよ,CAUSE YOU KNOW WE'RE GETTING SCARIER AND SCARIER,kɔːz juː nəʊ wɪə gɛtɪŋ skeərɪər ænd skeərɪə
422,422,435,そうまつだいらけんだー,SO        LET'S STAY TOGETHER,səʊ lɛts steɪ təgɛðə
423,423,436, わざとだろヤケドする, WAS IT THE DEVIL WHO LED ME TO SEVEN,wɒz ɪt ðə dɛvl huː lɛd miː tuː sɛvn
424,424,437,いくってあみで,ECOUTEZ        A MIDI,iː-siː-əʊ-juː-tiː-iː-zɛd ə ɛm-aɪ-diː-aɪ
425,425,438,さのしょうしょうでっぱですね,CA NOUS CHANGERAPAS        D'ICI,siː-eɪ naʊs siː-eɪʧ-eɪ-ɛn-ʤiː-iː-ɑːr-eɪ-piː-eɪ-ɛs D'ICI
426,426,439,はいしゃさんやり,HIGH        SOCIETY,haɪ səsaɪəti
427,427,440,かなりあごでてる,GONORRHEA        GORGONZOLA,ʤiː-əʊ-ɛn-əʊ-ɑːr-ɑːr-eɪʧ-iː-eɪ ʤiː-əʊ-ɑː-ʤiː-əʊ-ɛn-zɛd-əʊ-ɛl-eɪ
428,428,441,せいかんせんしょう,SAID COMMON SENSE YO,sɛd kɒmən sɛns jəʊ
429,429,442,なめんじゃないなぜたべたくなる,LOVE ME TONIGHT         AND LET THE DEVIL        TAKE TOMORROW,lʌv miː tənaɪt ænd lɛt ðə dɛvl teɪk təmɒrəʊ
430,430,443,あかいどしゃがとぶ, À PARIS DONS CHAQUE        FAUBOURG, À pærɪs dɒnz siː-eɪʧ-eɪ-kjuː-juː-iː fəʊbʊəg
431,431,444,あべのまちぶせあっちょっとやだなぁ,OH I'M        BANGING ON MY TV SET AND I CHECK THE ODDS AND I,əʊ aɪm bæŋɪŋ ɒn maɪ ˌtiːviː sɛt ænd aɪ ʧɛk ði ɒdz ænd aɪ
432,432,445,めがまわんない,MAKE        UP MY MIND,meɪk ʌp maɪ maɪnd
433,433,446,もうおれしにたいよー,MORNING        CHILDLEN 　FIND THAT YOUR,mɔːnɪŋ siː-eɪʧ-aɪ-ɛl-diː-ɛl-iː-ɛn faɪnd ðæt jɔː
434,434,447,けがにがしんでさ,QUE        CAMINA SIN CESAR,kjuː-juː-iː siː-eɪ-ɛm-aɪ-ɛn-eɪ sɪn siː-iː-ɛs-eɪ-ɑː
435,435,448,しゅうまいやさいけんとうし,TO MY EYES I CAN'T        CONCEAL,tuː maɪ aɪz aɪ kɑːnt kənsiːl
436,436,449,ほんとだーしょうゆついてない,HOME TONIGHT       I'LL SHOW YOU SWEET DELIGHT,həʊm tənaɪt aɪl ʃəʊ juː swiːt dɪlaɪt
437,437,450,なっとですね,N'ÊTRE QUE FUMÉE,ɛnÊtiː-ɑːr-iː kjuː-juː-iː ɛf-juː-ɛmÉiː
438,438,451,へびぐろう,HEAVY GLOW,hɛvi gləʊ
439,439,452,えびたまごにごしゅうしん,EVERYTIME YA HOLD HER CLOSE YOU'LL SEE,iː-viː-iː-ɑː-waɪ-tiː-aɪ-ɛm-iː jə həʊld hɜː kləʊs juːl siː
440,440,453,つまりきみ,SOMEBODY GIVE ME,sʌmbədi gɪv miː
441,441,454,がいむしょうとべいぐんも,CAI NO CHÂO DO       PEITO MOLHA,siː-eɪ-aɪ nəʊ siː-eɪʧÂəʊ duː piː-iː-aɪ-tiː-əʊ ɛm-əʊ-ɛl-eɪʧ-eɪ
442,442,455,いいですねやわらけえうそ,"YEAH THIS IS ME       YO WHAT UP KID,       WHAT'S UP","jeə ðɪs ɪz miː jəʊ wɒt ʌp kɪd,       wɒts ʌp"
443,443,456,やっぱりやっぱりゆめ,YOU BETTER YOU BETTER YOU BET,juː bɛtə juː bɛtə juː bɛt
444,444,457,はんぺんない,HOUND THAT NIGHT,haʊnd ðæt naɪt
445,445,458,でんわでげーっという,THEY'RE OUT TO GET YOU,ðeər aʊt tuː gɛt juː
446,446,459,えきべんたくあんやっこちょうだい,E DIVENTAR GUARDIANDO CELE,iː diː-aɪ-viː-iː-ɛn-tiː-eɪ-ɑː ʤiː-juː-eɪ-ɑː-diː-aɪ-eɪ-ɛn-diː-əʊ siː-iː-ɛl-iː
447,447,460,そのてんぐてにして,SOLO TENGO QUE DESIRTE,səʊləʊ tiː-iː-ɛn-ʤiː-əʊ kjuː-juː-iː diː-iː-ɛs-aɪ-ɑː-tiː-iː
448,448,461,おわれっおわれてがっしょう,WHAD'YA WHAD'YA THINK I SAW,WHAD'YA WHAD'YA θɪŋk aɪ sɔː
449,449,462,とちぎとちぎのぼる,DON'T YOU HEAR ME DON'T YOU HEAR ME CALLING,dəʊnt juː hɪə miː dəʊnt juː hɪə miː kɔːlɪŋ
450,450,463,ほらほらほらおまけでみせまちゅか,"ROMA, ROMA, ROMA, ROMA CHE BELLISIMA CITTA","rɒmə, rɒmə, rɒmə, rɒmə siː-eɪʧ-iː biː-iː-ɛl-ɛl-aɪ-ɛs-aɪ-ɛm-eɪ siː-aɪ-tiː-tiː-eɪ"
451,451,464,けがでない,CANNOT DENY,kænɒt dɪnaɪ
452,452,465,へでてすまぬ,HATE THAT THERE SOMEONE NEW,heɪt ðæt ðeə sʌmwʌn njuː
453,453,466,しちさんにあう,SINCE YOU FOUND ME OUT,sɪns juː faʊnd miː aʊt
454,454,467,ちゅーがしづらいぜ,JUDAS IS RISING,ʤuːdəs ɪz raɪzɪŋ
455,455,468,ちちのますき,ITCHING ON MY SKIN,ɪʧɪŋ ɒn maɪ skɪn
456,456,469,だれかけって,DALE CALIENTE,deɪl siː-eɪ-ɛl-aɪ-iː-ɛn-tiː-iː
457,457,470,だすわまつかでんわ,THAT'S A LIE THAT'S A GOODMAN LIE,ðæts ə laɪ ðæts ə ʤiː-əʊ-əʊ-diː-ɛm-eɪ-ɛn laɪ
458,458,471,おしょうさんぶらがちらり,OXUM ZAMBURAR PAR TIRAR,əʊ-ɛks-juː-ɛm zɛd-eɪ-ɛm-biː-juː-ɑːr-eɪ-ɑː pɑː tiː-aɪ-ɑːr-eɪ-ɑː
459,459,472,さかなといれでくさってます,SUCKED DOWN THE TOLLET CUZ SOMETHING,sʌkt daʊn ðə tiː-əʊ-ɛl-ɛl-iː-tiː siː-juː-zɛd sʌmθɪŋ
460,460,473,ひげそりどろぼうはみだしぐそ,YOU'RE SO DO-ABLE GRIND ME DOWN SUGER SALT,jʊə səʊ duː-eɪbl graɪnd miː daʊn ɛs-juː-ʤiː-iː-ɑː sɔːlt
461,461,474,おわりおなにーええええー,I NEED ALL I NEED YEAH YEAH,aɪ niːd ɔːl aɪ niːd jeə jeə
462,462,475,だそうでびんでない,THIS OLD HEART HAD BEEN DENIED,ðɪs əʊld hɑːt hæd biːn dɪnaɪd
463,463,476,しゃめしゃめしゃめとるめかどうにゅう,SHIMMY-SHIMMY-SHIMMY THROGH THE BREAK OF DRWN YEAH,ʃɪmi-ʃɪmi-ʃɪmi tiː-eɪʧ-ɑːr-əʊ-ʤiː-eɪʧ ðə breɪk ɒv diː-ɑː-dʌblju(ː)-ɛn jeə
464,464,477,てんぐえだしてるもの,THING WOO YEAH I SAID GONNA,θɪŋ wuː jeə aɪ sɛd gənə
465,465,478,うわっすねげ,WORSE THAN THE YIDS,wɜːs ðæn ðə waɪ-aɪ-diː-ɛs
466,466,479,わたしとかるた,WHAT A CAST OF CHARACTERS,wɒt ə kɑːst ɒv kærɪktəz
467,467,480,まさかじょしすいません,MY SUBCONSCIOUS SEEM TO WEAVE ITSELF,maɪ ˌsʌbkɒnʃəs siːm tuː wiːv ɪtsɛlf
468,468,481,あしたあんぜん,US AND THEM,juːɛs ænd ðɛm
469,469,482,こむそう,COME THE SWORD,kʌm ðə sɔːd
470,470,483,あくしゅでした,EXISTENCE,ɪgzɪstəns
471,471,484,あやまりたいあやまりたい,I AM EVERYTHING I AM ANYTHING,aɪ æm ɛvrɪθɪŋ aɪ æm ɛnɪθɪŋ
472,472,485,どうていのせいか,DON'T BE NO FAKER,dəʊnt biː nəʊ feɪkə
473,473,486,とのはちがうてでつかーむ,DON'T KNOW WHAT YOU GOT TILL IT'S GONE NO,dəʊnt nəʊ wɒt juː gɒt tɪl ɪts gɒn nəʊ
474,474,487,おでんろんがい,ALL DAY LONG I,ɔːl deɪ lɒŋ aɪ
475,475,488,あきてないかろうば,ACTING LIKE A ROBOT,æktɪŋ laɪk ə rəʊbɒt
476,476,489,かみさんたいあまえび,COMING SOMETIME AND MAYBE,kʌmɪŋ sʌmtaɪm ænd meɪbiː
477,477,490,そんなむりしなくていい,FROZEN MEMORIES LAUGHING THEY,frəʊzn mɛməriz lɑːfɪŋ ðeɪ
478,478,491,とびでてすまない,FOR TOKEN INTEREST IN MY LIFE,fɔː təʊkən ɪntrɪst ɪn maɪ laɪf
479,479,492,あいつらみんなそばでさるぐろう,I HITCHED A RIDE WITH MY SOUL BY THE SIDE OF THE ROAD,aɪ hɪʧt ə raɪd wɪð maɪ səʊl baɪ ðə saɪd ɒv ðə rəʊd
480,480,493,だい3らうんどだいれんだぱんちあっひるんでる,LIES UNKNOWN THE LAND OF MINE A HIDDEN GATE,laɪz ʌnnəʊn ðə lænd ɒv maɪn ə hɪdn geɪt
481,481,494,おおたすぽんじにのみ,WATER'S PLUNGING IN ON ME,wɔːtəz plʌnʤɪŋ ɪn ɒn miː
482,482,495,ここかしこここかしこ,GO GO GADGET GIRL GO GO GADGET GIRL,gəʊ gəʊ gæʤɪt gɜːl gəʊ gəʊ gæʤɪt gɜːl
483,483,496,しろだけなぜからー,SI NO LA QUIERES DEJALA,siː nəʊ lɑː kjuː-juː-aɪ-iː-ɑːr-iː-ɛs diː-iː-ʤeɪ-eɪ-ɛl-eɪ
484,484,497,おまめでてきたみせて,MOM AND DAD TAKE YOUR DON'T BE SAD PILL,mɒm ænd dæd teɪk jɔː dəʊnt biː sæd pɪl
485,485,498,きっぷをかってやるわのれ,CHI PUO CAMBIAR L'AMORE,ʧiː piː-juː-əʊ siː-eɪ-ɛm-biː-aɪ-eɪ-ɑː L'AMORE
486,486,499,おのがおのあひるのてんぷら,OH NO GOD OH NO I HEAR THOSE DAMNED WORDS,əʊ nəʊ gɒd əʊ nəʊ aɪ hɪə ðəʊz dæmd wɜːdz
487,487,500,おにくとせろりもすきでしょ,EN ECOUTANT CES ROMANCES QUINE CHANTENT,ɛn iː-siː-əʊ-juː-tiː-eɪ-ɛn-tiː siː-iː-ɛs rəʊmænsɪz kjuː-juː-aɪ-ɛn-iː siː-eɪʧ-eɪ-ɛn-tiː-iː-ɛn-tiː
488,488,501,さびしいふり,SAW THE SEE FREEZE,sɔː ðə siː friːz
489,489,502,あもうちょっとらーめんあはいちゃった,I WANT YOU TO LOVE ME WHERE I NEED YOU TO,aɪ wɒnt juː tuː lʌv miː weər aɪ niːd juː tuː
490,490,503,またがってめくんな,MY BABY GIVE ME GOOD LOVIN,maɪ beɪbi gɪv miː gʊd ɛl-əʊ-viː-aɪ-ɛn
491,491,504,しょはんか,SHORT HAIRED GIRL,ʃɔːt heəd gɜːl
492,492,505,あたまからちだこうえんで,I TURNED MYCOLLOR TO THECOLD AND DAMP,aɪ tɜːnd ɛm-waɪ-siː-əʊ-ɛl-ɛl-əʊ-ɑː tuː tiː-eɪʧ-iː-siː-əʊ-ɛl-diː ænd dæmp
493,493,506,ほっぺをせいいっぱいみせる,HOPE TO FEEL SAFE AND SOUND,həʊp tuː fiːl seɪf ænd saʊnd
494,494,507,だいそーまえにいる,D I SAW A MIGHTY ROOM,diː aɪ sɔː ə maɪti ruːm
495,495,508,そうとうげひんだ,SOUL FOR GETTING DOWN,səʊl fɔː gɛtɪŋ daʊn
496,496,509,いれみなさんいろんなものかむんだ,I HEAR IT DO YOU HEAR THAT SOUND HEAR THAT NOW THAT I'M COMIN DOWN,aɪ hɪər ɪt duː juː hɪə ðæt saʊnd hɪə ðæt naʊ ðæt aɪm siː-əʊ-ɛm-aɪ-ɛn daʊn
497,497,510,ほおまっしろ,FOR MERCY LOVE,fɔː mɜːsi lʌv
498,498,511,あんたしょじょか,I'M DONE SHOOT YOUR GUN,aɪm dʌn ʃuːt jɔː gʌn
499,499,512,ゆのみゆのみをつれ,YOU KNOW ME YOU KNOW ME ALL TOO WELL,juː nəʊ miː juː nəʊ miː ɔːl tuː wɛl
500,500,513,あいくびあなそうろう,I CAN BE AN ASSHOLE OF,aɪ kæn biː ən æsˌhəʊl ɒv
501,501,514,おれのくったおうしゃちょう,FOREVER TONIGHT OR SHUT YOUR,fərɛvə tənaɪt ɔː ʃʌt jɔː
502,502,515,たのもしいです,TELL ME WHAT SHE DID,tɛl miː wɒt ʃiː dɪd
503,503,516,おーるがちいさい,ALL THAT SHE SAID,ɔːl ðæt ʃiː sɛd
504,504,517,じいはんざいはんざい,DEPENDING PENDING,dɪpɛndɪŋ pɛndɪŋ
505,505,519,かれーみほん,CALLING ME HOME,kɔːlɪŋ miː həʊm
506,506,520,たけしょぼう,DARKEST COLOR,dɑːkɪst kʌlə
507,507,521,ねぇちゃんろうばげいおおや,NATURE OF MYGAME AH YEAH,neɪʧər ɒv ɛm-waɪ-ʤiː-eɪ-ɛm-iː ɑː jeə
508,508,522,ゆうげんですゆうげんだ,YOU CAN DANCE YOU CAN JIVE,juː kæn dɑːns juː kæn ʤaɪv
509,509,523,いまやってんじゃねぇそこ,IN MY OPINIONS AS A PRO,ɪn maɪ əpɪnjənz æz ə prəʊ
510,510,524,それがここちええきす,SOUS LES GRANDS COCOTIERS QUI SE,suːz ɛl-iː-ɛs grændz siː-əʊ-siː-əʊ-tiː-aɪ-iː-ɑːr-ɛs kjuː-juː-aɪ seɪ
511,511,525,いたべんじょむし,IT'S A PLEASURE MACHINE,ɪts ə plɛʒə məʃiːn
512,512,526,かならずたててや,COUNTER HAS A TATTOOED TEAR,kaʊntə hæz ə tətuːd teə
513,513,527,そこもなってない,SO COME ON OUT TONIGHT,səʊ kʌm ɒn aʊt tənaɪt
514,514,528,ままがはっぱのうえ,MY MIND CAN'T HELP BUT KNOWING,maɪ maɪnd kɑːnt hɛlp bʌt nəʊɪŋ
515,515,529,しょうっちゃいやつははなっとけ,SHE'D TRIED SO HARD TO KEEP,ʃiːd traɪd səʊ hɑːd tuː kiːp
516,516,530,あじがおまえあじけないっすね,HOW'S YOUR GIRL MIKE OH SHE'S PRETTY NICE MAN,haʊz jɔː gɜːl maɪk əʊ ʃiːz prɪti naɪs mæn
517,517,531,みたせん,MAKE THE SAME,meɪk ðə seɪm
518,518,532,あさまでえっちしたいねん,I SAW MY PICTURES HANGIN',aɪ sɔː maɪ pɪkʧəz hæŋɪn
519,519,533,じゅうにこいれた,JE N'Y CROYAIS PAS,ʤeɪ-iː N'Y siː-ɑːr-əʊ-waɪ-eɪ-aɪ-ɛs pɑː
520,520,534,ぼっきする,POR TI SERE,piː-əʊ-ɑː tiː sɪə
521,521,535,はなからそうたまご,AND I GOT A SHORT TIME TO GO,ænd aɪ gɒt ə ʃɔːt taɪm tuː gəʊ
522,522,536,どこも,GLAUCOMA,glɔːkəʊmə
523,523,537,あっほんがほんが,I'VE HUNGERED HUNGERED,aɪv hʌŋgəd hʌŋgəd
524,524,538,いついつしんだ,EAST EAT SHIT AND DIE,iːst iːt ʃɪt ænd daɪ
525,525,539,あせってるだれにでんわしてんだ,I SAID TO HER BERNIE I SAID DON'T,aɪ sɛd tuː hɜː biː-iː-ɑːr-ɛn-aɪ-iː aɪ sɛd dəʊnt
526,526,540,おんなぶろにはつ,OWNER OF A LONELY HEART,əʊnər ɒv ə ləʊnli hɑːt
527,527,541,でぶろうにん,BABE ALONE IN,beɪb ələʊn ɪn
528,528,542,ちゅうねんのみせだ,TRUE THEM KNOW ME SWEET AN,truː ðɛm nəʊ miː swiːt æn
529,529,543,ひざがいたい,HE'S ON MY SIDE,hiːz ɒn maɪ saɪd
530,530,545,ちょりそー,SHORTEST STRAW,ʃɔːtɪst strɔː
531,531,546,いまもおならがだそう,MINIMUM ON NA A LA RISANCE,mɪnɪməm ɒn ɛn-eɪ ə lɑː ɑːr-aɪ-ɛs-eɪ-ɛn-siː-iː
532,532,547,おれにはよめんもったいない,IN IHREN LUNGEN WOHNT EIN AAL,ɪn aɪ-eɪʧ-ɑːr-iː-ɛn ɛl-juː-ɛn-ʤiː-iː-ɛn dʌblju(ː)-əʊ-eɪʧ-ɛn-tiː iː-aɪ-ɛn eɪ-eɪ-ɛl
533,533,548,どあにちょー,DON'T WANT EAT YOU,dəʊnt wɒnt iːt juː
534,534,549,ぶっをすませていいですか,PPPPTTTT OOOPS MY CD JUST SKIPPED,piː-piː-piː-piː-tiː-tiː-tiː-tiː əʊ-əʊ-əʊ-piː-ɛs maɪ siː-diː ʤʌst skɪpt
535,535,550,あさのろくじのる,GRÂCE À LA LUEUR QUE J'AI DANS L'OEIL,ʤiː-ɑːÂsiː-iː À lɑː ɛl-juː-iː-juː-ɑː kjuː-juː-iː J'AI dænz L'OEIL
536,536,551,はげなるしすと,HOW CAN I RESIST YOU,haʊ kæn aɪ rɪzɪst juː
537,537,552,ひょうしょうだい,WE ALL SHALL DIE,wiː ɔːl ʃæl daɪ
538,538,553,つとむいんぽ,SHOULD TUMBLE AND FALL,ʃʊd tʌmbl ænd fɔːl
539,539,554,さわら,SARAVA,ɛs-eɪ-ɑːr-eɪ-viː-eɪ
540,540,555,ちょっとふける,SO DON'T FORGET IT,səʊ dəʊnt fəgɛt ɪt
541,541,556,わけないでー,WHAT CAN I DO,wɒt kæn aɪ duː
542,542,557,ろくもってる,LOCOMOTIVES,ləʊkəˌməʊtɪvz
543,543,558,みぎてにはなたばかい,WREAKING DEADLY HAVOC ON MANKIND,riːkɪŋ dɛdli hævək ɒn mænkaɪnd
544,544,559,にいちゃんはめぐろでのんでます,A HITCHER ON A ROADALONE AND LOST,ə hɪʧər ɒn ə ɑːr-əʊ-eɪ-diː-eɪ-ɛl-əʊ-ɛn-iː ænd lɒst
545,545,560,けんこうですね,CAN'T CALL IT'S NAME,kɑːnt kɔːl ɪts neɪm
546,546,561,あなにはさまるけいじ,AND THEN YOU ASK FOR MEDICATION,ænd ðɛn juː ɑːsk fɔː ˌmɛdɪkeɪʃən
547,547,562,ややこしい,LEI È COSÌ,leɪ È kɒsÌ
548,548,563,よるくく,YOUR NEW CUCKOO,jɔː njuː kʊkuː
549,549,564,ひとりでふりすびーだめ,IN NOMINE CHRISTI AMEN,ɪn ɛn-əʊ-ɛm-aɪ-ɛn-iː krɪsti ɑːmɛn
550,550,565,ぺったんこすーつ,BITCH I AIN'T GON'SHOOT YOU,bɪʧ aɪ eɪnt GON'SHOOT juː
551,551,566,おいびじんあほさ,FUI PEDIR A ROSA,ɛf-juː-aɪ piː-iː-diː-aɪ-ɑːr ə rəʊzə
552,552,567,はずかしいなざしだし,HARD TO CONCEIVE LOVE ECSTACY,hɑːd tuː kənsiːv lʌv iː-siː-ɛs-tiː-eɪ-siː-waɪ
553,553,568,さんしゅうさ,THE SADDEST SHOW IN TOWN,ðə sædɪst ʃəʊ ɪn taʊn
554,554,569,あーきれてる,AH GET IT HERE,ɑː gɛt ɪt hɪə
555,555,570,だれかだれかあそぼう,LOLIPOP LOLIPOP HAVE SOME MORE,ɛl-əʊ-ɛl-aɪ-piː-əʊ-piː ɛl-əʊ-ɛl-aɪ-piː-əʊ-piː hæv sʌm mɔː
556,556,571,すいませんがどうていなんですか,TOO MUCH SURPRISE ROSIE NEVER STOP,tuː mʌʧ səpraɪz rəʊziː nɛvə stɒp
557,557,572,みがでた, MEAN GOD DAMNED DOC,miːn gɒd dæmd dɒk
558,558,573,とつぜんたなかのすりっぱない,TOSS AND TURN I CAN'T SLEEP AT NIGHT,tɒs ænd tɜːn aɪ kɑːnt sliːp æt naɪt
559,559,574,だれのかお,AND THROWN IN THE COLD,ænd θrəʊn ɪn ðə kəʊld
560,560,575,はとからにまん, I THOUGHT THAT I NEEDED MINE,aɪ θɔːt ðæt aɪ niːdɪd maɪn
561,561,576,しゃけとあざらし,SHOCKED AT THE WORLD THAT I SEE,ʃɒkt æt ðə wɜːld ðæt aɪ siː
562,562,577,あいついかめらだけうめぇ,I'LL TAKE ALL THE LOVE YOU GIVE,aɪl teɪk ɔːl ðə lʌv juː gɪv
563,563,578,あやまれたむらのおにいちゃん,I'M A DOG BUT I'M THE ONE YOU DOG,aɪm ə dɒg bʌt aɪm ðə wʌn juː dɒg
564,564,579,おなぺっとどなた,ON N'PEUT TE DONNER TORT,ɒn N'PEUT tiː dɒnə tɔːt
565,565,580,すとっきんぐどう,STUCK IN YOUR THUMB,stʌk ɪn jɔː θʌm
566,566,581,あんたわかったの,AND I WALK OUT THE DOOR,ænd aɪ wɔːk aʊt ðə dɔː
567,567,582,きゃばくらみんなじ,CHEMICAL AFFINITY,kɛmɪkəl əfɪnɪti
568,568,583,むぼうだおっちゃんむちゃするむぼうだ,MOVE ON UP ONE TIME WE JUST MOVE ON UP,muːv ɒn ʌp wʌn taɪm wiː ʤʌst muːv ɒn ʌp
569,569,584,こうもんねらい,COLD MORNING LIGHT,kəʊld mɔːnɪŋ laɪt
570,570,585,しゃがんでこうふんした,STANDING IN THE COLD BLUE SNOW,stændɪŋ ɪn ðə kəʊld bluː snəʊ
571,571,586,やすいわいいわおやじは,YES HE WAS HE WAS OH YES HE WAS,jɛs hiː wɒz hiː wɒz əʊ jɛs hiː wɒz
572,572,587,すごくすてきなあなみせてみな,SMOKE STICKY NOW AND THE MISSES PICK ME NOW,sməʊk stɪki naʊ ænd ðə mɪsɪz pɪk miː naʊ
573,573,588,ゆうがたきゅうりすてる,YOU'VE GOT THE CUTEST LITTLE,juːv gɒt ðə kjuːtɪst lɪtl
574,574,589,らーめんやだぞらーめんやだぞ,RHYMER IN A ZONE RHYMER IN A ZONE,raɪmər ɪn ə zəʊn raɪmər ɪn ə zəʊn
575,575,590,おうずぼんおろす,OH THE BOYS ARE ROUGH,əʊ ðə bɔɪz ɑː rʌf
576,576,591,じゅうえんくらいわじゅうえんくらいわじゅうえんくらい,TWO MEN COLLIDE WHENTWO MEN COLLIDE WHENTWO MEN COLLIDE,tuː mɛn kəlaɪd dʌblju(ː)-eɪʧ-iː-ɛn-tiː-dʌblju(ː)-əʊ mɛn kəlaɪd dʌblju(ː)-eɪʧ-iː-ɛn-tiː-dʌblju(ː)-əʊ mɛn kəlaɪd
577,577,592,ていうかにおいがでねぇ,TO THE NEON GOD THEY MADE,tuː ðə niːən gɒd ðeɪ meɪd
578,578,593,しゃきんだけすくえや,SUCKING DARKEST CLEAR,sʌkɪŋ dɑːkɪst klɪə
579,579,594,はげにらっぷ,HOW CAN YOU LAUGH,haʊ kæn juː lɑːf
580,580,595,おきみやげたくあんだけ,PORQUE NI NGU ÉM EST Á QUANDO QUER,piː-əʊ-ɑː-kjuː-juː-iː ɛn-aɪ ɛn-ʤiː-juː Éɛm iː-ɛs-tiː Á kjuː-juː-eɪ-ɛn-diː-əʊ kjuː-juː-iː-ɑː
581,581,596,どんぴしゃ,DON'T BE SHY,dəʊnt biː ʃaɪ
582,582,597,となりはなんともりさん,DAWNED ON ME LIKE THE MORNIN' SUN,dɔːnd ɒn miː laɪk ðə mɔːnɪn sʌn
583,583,598,ちきしょーおかねない,CHIQUILLO QUE LÉ DAS,siː-eɪʧ-aɪ-kjuː-juː-aɪ-ɛl-ɛl-əʊ kjuː-juː-iː ɛlÉ diː-eɪ-ɛs
584,584,599,おいみんなふざけんなばか,HEY DIDN'T I SAY GET THE FUCK OUT,heɪ dɪdnt aɪ seɪ gɛt ðə fʌk aʊt
585,585,600,やっぱはずれんだ,LET MY HEART SURRENDER,lɛt maɪ hɑːt sərɛndə
586,586,601,こっこっこっここなっつない,COLD COLD COLD COLD COLD NIGHT TONIGHT,kəʊld kəʊld kəʊld kəʊld kəʊld naɪt tənaɪt
587,587,602,あなただけにーと,EN EL CIELO INFINITO,ɛn ɛl siː-aɪ-iː-ɛl-əʊ aɪ-ɛn-ɛf-aɪ-ɛn-aɪ-tiː-əʊ
588,588,604,おかまげいめぐろく,OH COME GET ME LITTLE GIRL,əʊ kʌm gɛt miː lɪtl gɜːl
589,589,605,かんでもわらわねぇじゃん,CONDOM ON WHILE I'M ON THE JOHN,kɒndɒm ɒn waɪl aɪm ɒn ðə ʤɒn
590,590,606,だってこうもんだもんあのーたまらねぇよ,I GOT THE CALL MONDAY MORNIN' I KNOW SOMETIME AROUND 9AM,aɪ gɒt ðə kɔːl mʌndeɪ mɔːnɪn aɪ nəʊ sʌmtaɪm əraʊnd 9æm
591,591,607,ほうけいのひとゆうもう,HOW CAN I SHOW YOU MORE,haʊ kæn aɪ ʃəʊ juː mɔː
592,592,608,またですか,IMAS OLHA SÓ,aɪ-ɛm-eɪ-ɛs əʊ-ɛl-eɪʧ-eɪ ɛsÓ
593,593,609,えびふらいえびふらいえびふらいひゃくほんくらい,AIN'T IT LIFE GOT NO CRY,eɪnt ɪt laɪf gɒt nəʊ kraɪ
594,594,610,かみねんど,CAMINANDO,siː-eɪ-ɛm-aɪ-ɛn-eɪ-ɛn-diː-əʊ
595,595,611,まちこおまえてんさい,DAMA DE COR UMA DEUZA,diː-eɪ-ɛm-eɪ diː kɔː juː-ɛm-eɪ diː-iː-juː-zɛd-eɪ
596,596,612,はいってきてそうろう,AY TRISTE SOLO,aɪ tiː-ɑːr-aɪ-ɛs-tiː-iː səʊləʊ
597,597,613,まさかのぱんつ,MASSACRE THE FANS,mæsəkə ðə fænz
598,598,615,かいせんどん,GUYS AINT DUMB,gaɪz eɪ-aɪ-ɛn-tiː dʌm
599,599,616,ばかそうですばかそうですばかそうですばかそうですまえみぎじゃない,VACACIONES MY AMIGOS AND I,viː-eɪ-siː-eɪ-siː-aɪ-əʊ-ɛn-iː-ɛs maɪ əmiːgəʊz ænd aɪ
600,600,617,あのーべんじょありますか,I KNOW THAT YOU LIKE MY STYLE,aɪ nəʊ ðæt juː laɪk maɪ staɪl
601,601,618,きょうそばきょうそばぷーるですべる,YOU'RE CLOSER YOU'RE CLOSER NOW FOLLOW THEIR SMELL,jʊə kləʊsə jʊə kləʊsə naʊ fɒləʊ ðeə smɛl
602,602,619,どうていのいしいなざわ,DON'T THEY KNOW IT'S THE END OF THE WORLD,dəʊnt ðeɪ nəʊ ɪts ði ɛnd ɒv ðə wɜːld
603,603,620,ゆびがまがらねぇ,YOU'VE BECOME A PART OF ME,juːv bɪkʌm ə pɑːt ɒv miː
604,604,621,のーぱんしゅぎだ,NOM PANCHO VILLA,ɛn-əʊ-ɛm piː-eɪ-ɛn-siː-eɪʧ-əʊ vɪlə
605,605,622,ごっついごっついごっついしなぞろえ,GOD SPEED GOD SPEED GOD SPEED SPEED US AWAY,gɒd spiːd gɒd spiːd gɒd spiːd spiːd juːɛs əweɪ
606,606,623,あにじょうろ,I NEED YOUR LOVE,aɪ niːd jɔː lʌv
607,607,624,しんろでなやむふくやま,SEEN BUT I'M NEVER HEARD BY YOUR LOT,siːn bʌt aɪm nɛvə hɜːd baɪ jɔː lɒt
608,608,625,すてきなおせんべいですね,STICK YOUR NOSE IN BUSINESS,stɪk jɔː nəʊz ɪn bɪznɪs
609,609,626,さんはりぬう,SOMEBODY NEW,sʌmbədi njuː
610,610,627,ぎゅうたんうめーぎゅうたんうめー,YOU MUST DIE IN PAIN,juː mʌst daɪ ɪn peɪn
611,611,628,えへっえへっなんだっけ,HEH NOT AGAIN,heɪ nɒt əgɛn
612,612,629,ちずのせろちずのせろちゃんとして,SHE'S LOST HER WILL SHE'S LOST HER WILL TIME IS STANDING,ʃiːz lɒst hɜː wɪl ʃiːz lɒst hɜː wɪl taɪm ɪz stændɪŋ
613,613,630,すもうだいえんかい,SOME OLD DYING MAN,sʌm əʊld daɪɪŋ mæn
614,614,631,おれだいがくだいがくうけたんだぁ,GU KI TAG GU KI TAG GU GU KI DA DA,ʤiː-juː keɪ-aɪ tæg ʤiː-juː keɪ-aɪ tæg ʤiː-juː ʤiː-juː keɪ-aɪ dɑː dɑː
615,615,632,よはかなしい,YOUR KINDA SCENE,jɔː kaɪndə siːn
616,616,633,にんげんにんげんだれかいねぇか,NINGUÉM NINGUÉM CARREGA A NEGA,ɛn-aɪ-ɛn-ʤiː-juːÉɛm ɛn-aɪ-ɛn-ʤiː-juːÉɛm siː-eɪ-ɑːr-ɑːr-iː-ʤiː-eɪ ə ɛn-iː-ʤiː-eɪ
617,617,634,あっていうかもうすわっていい,I'LL DIG A A HOLE SO DEEP,aɪl dɪg ə ə həʊl səʊ diːp
618,618,635,のどちんこぼうず,ANOTHER KINGDOM FALLS,ənʌðə kɪŋdəm fɔːlz
619,619,636,だいじんはまぐろだった,GOTTA SEE MY ROCK'N ROLL DOCTOR,gɒtə siː maɪ ROCK'N rəʊl dɒktə
620,620,637,はつでんきはつでんき,I'M THINKING I'M THINKING,aɪm θɪŋkɪŋ aɪm θɪŋkɪŋ
621,621,638,どこみてんだおまえ,STOP TRYIN TO TAKE OUR MONEY,stɒp tiː-ɑː-waɪ-aɪ-ɛn tuː teɪk aʊə mʌni
622,622,639,こうもんこすっている,COME ON CLOSER BABY,kʌm ɒn kləʊsə beɪbi
623,623,640,むりむりむりおりろ,WORRY WORRY WORRY ALL DAY LONG,wʌri wʌri wʌri ɔːl deɪ lɒŋ
624,624,641,まえだせんせいはじゅうごせんち,MAS ESSE SEU AR DE INOCENTR,mɑːz iː-ɛs-ɛs-iː ɛs-iː-juː eɪ-ɑː diː aɪ-ɛn-əʊ-siː-iː-ɛn-tiː-ɑː
625,625,642,ぱせりのすーぷのまねぇ,PASSERI LASSU NON VOLE,piː-eɪ-ɛs-ɛs-iː-ɑːr-aɪ ɛl-eɪ-ɛs-ɛs-juː nɒn vəʊl
626,626,643,どんべえ,DON'T BE BAD,dəʊnt biː bæd
627,627,644,とつにゅうとつにゅうとつにゅうかぎがかかってる,TOUCHING YOU TOUCHING ME TOUCHING YOU GOD YOU'RE TOUCHING ME,tʌʧɪŋ juː tʌʧɪŋ miː tʌʧɪŋ juː gɒd jʊə tʌʧɪŋ miː
628,628,645,はやさよねろ,CABALLO NEGRO,siː-eɪ-biː-eɪ-ɛl-ɛl-əʊ niːgrəʊ
629,629,646,たまらんたまご,FROM A LONG TIME AGO,frɒm ə lɒŋ taɪm əgəʊ
630,630,647,あかおにのおめんほしいなあおおにのぱんつほしいな,I DON'T NEED NO LIFE RESERVER I DON'T NEED NO ONE TO HOSE ME DOWN,aɪ dəʊnt niːd nəʊ laɪf rɪzɜːvər aɪ dəʊnt niːd nəʊ wʌn tuː həʊz miː daʊn
631,631,648,ぶたばらです,BUT I BORROWED IT,bʌt aɪ bɒrəʊd ɪt
632,632,649,ままそこうんこ,BY MY SO CALLED GIRL,baɪ maɪ səʊ kɔːld gɜːl
633,633,650,あっぎょうれつや,I'LL DO IT IF YOU,aɪl duː ɪt ɪf juː
634,634,651,はんにゅうびぎり,A NEW BEGINNING,ə njuː bɪgɪnɪŋ
635,635,652,きょうはみずぎだ,YOU AND ME TOGETHER,juː ænd miː təgɛðə
636,636,653,それじゃないじゃん,SO LET YOUR LIGHT SHINE,səʊ lɛt jɔː laɪt ʃaɪn
637,637,654,しょうゆないぞどうしたんだつかだ,CYANIDE BLOOD DURNS DOWN THE SKYLINE,saɪənaɪd blʌd diː-juː-ɑːr-ɛn-ɛs daʊn ðə skaɪlaɪn
638,638,655,そーだじゃぎらい,SAUDADE A,ɛs-eɪ-juː-diː-eɪ-diː-iː eɪ
639,639,656,でてんじゃんままのうえ,DEATH IS JUST A MOMENT AWAY,dɛθ ɪz ʤʌst ə məʊmənt əweɪ
640,640,657,さとうせいざせい,CYCLE STAYS THE SAME,saɪkl steɪz ðə seɪm
641,641,658,もっとしっかりにつめさとうぶっこみあわだてて,WATCH YOURSELF DAWN IN DISARRAY IT'S TIME TO BREAK AWAY OR WE'LL DIE TODAY,wɒʧ jɔːsɛlf dɔːn ɪn ˌdɪsəreɪ ɪts taɪm tuː breɪk əweɪ ɔː wiːl daɪ tədeɪ
642,642,659,みそこなうわ,ME SOLTOU NA RUA,miː ɛs-əʊ-ɛl-tiː-əʊ-juː ɛn-eɪ ɑː-juː-eɪ
643,643,660,とんだんです,DON'T LET THIS,dəʊnt lɛt ðɪs
644,644,661,おっけいま,OKAY MA,əʊkeɪ mɑː
645,645,662,じいさんがよこづな,JUST LIKE A YOUNG GIRL SHOULD,ʤʌst laɪk ə jʌŋ gɜːl ʃʊd
646,646,663,しょうゆほじゅう,SHOW YOU HOLD YOU,ʃəʊ juː həʊld juː
647,647,664,せんたーちゃうひだりへ,SI BU ZA BU DA YEA,siː biː-juː zɛd-eɪ biː-juː dɑː jeɪ
648,648,665,あにりゅうねん,I NEED YOU NOW,aɪ niːd juː naʊ
649,649,666,しゃれにならんだろう,SHARING A LOVE THAT ON,ʃeərɪŋ ə lʌv ðæt ɒn
650,650,667,なわとれまっか,NOW I'M TOWING MY CAR,naʊ aɪm təʊɪŋ maɪ kɑː
651,651,668,くまもとすんでない,SYMBOLIC ACTS SO VIVID,sɪmbɒlɪk ækts səʊ vɪvɪd
652,652,669,しけんでしけんでしけんでおどっちゃう,SHE CAN'T LIVE SHE CAN'T LIVE SHE CAN'T LIVE WITHOUT YA,ʃiː kɑːnt lɪv ʃiː kɑːnt lɪv ʃiː kɑːnt lɪv wɪðaʊt jə
653,653,670,ぶたはてきとう,BUT NOW I TAKE IT ALL,bʌt naʊ aɪ teɪk ɪt ɔːl
654,654,671,ぱんのたんとうすいませんもうねていっぱいで,HAD NO CHANCE TO SEE MYSELF MOLDED DAY BY DAY,hæd nəʊ ʧɑːns tuː siː maɪsɛlf məʊldɪd deɪ baɪ deɪ
655,655,672,たまだたまきだ,TIME AFTER TIME GAVE YOU,taɪm ɑːftə taɪm geɪv juː
656,656,673,まままえみせるまままえみせるんーまままままままえみせるまままままままえみせるみせる,MY MY MY MICHELLE MY MY MY MICHELLE OO MY MY MY MY MY MY MY MICHELE MY MY MY MY MY MY MICHELLE MICHELLE,maɪ maɪ maɪ mɪʃɛl maɪ maɪ maɪ mɪʃɛl əʊ-əʊ maɪ maɪ maɪ maɪ maɪ maɪ maɪ ɛm-aɪ-siː-eɪʧ-iː-ɛl-iː maɪ maɪ maɪ maɪ maɪ maɪ mɪʃɛl mɪʃɛl
657,657,674,むいみだむいみだむいみだ,WE NEED LOVE,wiː niːd lʌv
658,658,675,うるさかばい,WITH A SUCKER PUNCH,wɪð ə sʌkə pʌnʧ
659,659,676,かんちょうとうそうおう,CLIMBED YOUR TORSO OH,klaɪmd jɔː tɔːsəʊ əʊ
660,660,677,にほんじんです,LIVE FOR TODAY,lɪv fɔː tədeɪ
661,661,678,せんだぎいっせんじゅう,C'EST LA NUIT ET C'EST LE JOUR,C'EST lɑː ɛn-juː-aɪ-tiː ɛt C'EST ɛl-iː ʤɜː
662,662,679,きぼりちんぽ,KEEP ON REACHIN' FOR,kiːp ɒn riːʧɪn fɔː
663,663,680,かめみしてくれ,CALLED ME MR.GLASS,kɔːld miː ɛm-ɑː.glɑːs
664,664,681,あくなきこうびつらいのよ,HOW CAN I KEEP COPING TILL I KNOW YOUR,haʊ kæn aɪ kiːp kəʊpɪŋ tɪl aɪ nəʊ jɔː
665,665,682,あそこもろですよ,AS COMO LO DESEO YO,æz siː-əʊ-ɛm-əʊ ləʊ diː-iː-ɛs-iː-əʊ jəʊ
666,666,683,あけてじいちゃん,I KEPT IT DEEP DOWN,aɪ kɛpt ɪt diːp daʊn
667,667,684,もちをかまないかまない,WON'T YOU COME ON AND COME ON AND,wəʊnt juː kʌm ɒn ænd kʌm ɒn ænd
668,668,685,いやーあさごじですよはやさぇよ,E ESSA VOZ DESSE RIO,iː iː-ɛs-ɛs-eɪ viː-əʊ-zɛd diː-iː-ɛs-ɛs-iː rɪəʊ
669,669,686,ふけつだろおちんちん,WHO CARES THEY'RE ALWAYS CHANGING,huː keəz ðeər ɔːlweɪz ʧeɪnʤɪŋ
670,670,687,えろいすいーつみてや,IT ALWAYS LEADS ME HERE,ɪt ɔːlweɪz liːdz miː hɪə
671,671,688,ろうにんせいらっかちゅう,BELONGS INSANE LIKE I DO,bɪlɒŋz ɪnseɪn laɪk aɪ duː
672,672,689,あーいやだもれちゃった,EARLY IN THE MORNING TIME,ɜːli ɪn ðə mɔːnɪŋ taɪm
673,673,690,じょしゅはのってねぇ,JUST YOU AND NOTHING ELSE,ʤʌst juː ænd nʌθɪŋ ɛls
674,674,691,とおめにしんかんせん,COME ON BABY SHAKE THAT THING,kʌm ɒn beɪbi ʃeɪk ðæt θɪŋ
675,675,692,やきすぎ,BLACK AS THE DEEP,blæk æz ðə diːp
676,676,693,げためぐろ,GET DOWN MAKE LOVE,gɛt daʊn meɪk lʌv
677,677,694,しんごうばあさんみぎに,SINGLE FILES OF CLEAN FEELINGS,sɪŋgl faɪlz ɒv kliːn fiːlɪŋz
678,678,695,おっとのなまえです,WORLD ALL TURN OUT LIKE THIS,wɜːld ɔːl tɜːn aʊt laɪk ðɪs
679,679,696,かおなめてもいいよ,KOMM MIT MIR,keɪ-əʊ-ɛm-ɛm ɛm-aɪ-tiː mɪə
680,680,697,ややしゃくれ,YEAH YOU SHOCK ME,jeə juː ʃɒk miː
681,681,698,うわーむいおーむいおーえびない,OHH ALL NIGHT ALL NIGHT OH EVERY NIGHT,əʊ-eɪʧ-eɪʧ ɔːl naɪt ɔːl naɪt əʊ ɛvri naɪt
682,682,699,こちらさんどちらさん,PUT YOUR LIGHTS ON PUT YOUR LIGHTS ON,pʊt jɔː laɪts ɒn pʊt jɔː laɪts ɒn
683,683,700,おばさんのちち,WHAT'S HAPPENING CC,wɒts hæpnɪŋ siː-siː
684,684,701,あけっぱなしでもろ,I CAN'T PROMISE YOU TOMORROW,aɪ kɑːnt prɒmɪs juː təmɒrəʊ
685,685,702,おじょうさんくさいですね,BUT YO SON IT'S LIKE THIS MAN,bʌt jəʊ sʌn ɪts laɪk ðɪs mæn
686,686,703,はなよめだんせい,HOW MY OPEN ARMS ACHE,haʊ maɪ əʊpən ɑːmz eɪk
687,687,704,ろっぽんぎやないほんまや,UP ON ME I'M LIKE OH MAN,ʌp ɒn miː aɪm laɪk əʊ mæn
688,688,705,あっそうか,AH SUGA,ɑː ɛs-juː-ʤiː-eɪ
689,689,706,あらえばあちゃん,ALIVE BUT DEAD,əlaɪv bʌt dɛd
690,690,707,あっちんげそっちゃうんですか,AND TAKE US UP TO THE SKIES,ænd teɪk juːɛs ʌp tuː ðə skaɪz
691,691,708,ころっけたくさんくわせんなぁ,QUALQUER CANÇÃO QUASE NA,kjuː-juː-eɪ-ɛl-kjuː-juː-iː-ɑː kænÇÃəʊ kjuː-juː-eɪ-ɛs-iː ɛn-eɪ
692,692,709,おぼんがぼうそうした,A LOVE THAT WAS SO STRONG,ə lʌv ðæt wɒz səʊ strɒŋ
693,693,710,こめうめぇこめうめぇこめ,COME HERE MAN COME HERE MAN COME HERE,kʌm hɪə mæn kʌm hɪə mæn kʌm hɪə
694,694,711,はいりたくてむりだ,HATE INJECTED MIND,heɪt ɪnʤɛktɪd maɪnd
695,695,712,ぼっきぎみのちん,BARKEEP GIMME A DRINK,biː-eɪ-ɑː-keɪ-iː-iː-piː gɪmiː ə drɪŋk
696,696,713,あぁぁぁぁぁぁぁぁぁぁぁぁぁぁぁあぁっあっぱんつがー,AAAAAA HA HA PUNCHGONE,eɪ-eɪ-eɪ-eɪ-eɪ-eɪ hɑː hɑː piː-juː-ɛn-siː-eɪʧ-ʤiː-əʊ-ɛn-iː
697,697,714,おねえちゃんさっきからびーるほんのちょっとぬるいぞ,WHEN IT DROPS OH YOU GOT A FEELING OH THAT YOU BEEN DOIN' WRONG,wɛn ɪt drɒps əʊ juː gɒt ə fiːlɪŋ əʊ ðæt juː biːn du(ː)ɪn rɒŋ
698,698,715,あべしのはつかめねえ,I BET U KNOW WHAT'S COMIN' NEXT,aɪ bɛt juː nəʊ wɒts kʌmɪn nɛkst
699,699,716,だれだれござかったろうだれ,DARLIN’ DARLIN' CAUSE I'VE GOT LOVE DARLIN' ,dɑːlɪn dɑːlɪn kɔːz aɪv gɒt lʌv dɑːlɪn 
700,700,717,もうしないもうしないよー,MOTION NOW MOTION NOW YOUR,məʊʃən naʊ məʊʃən naʊ jɔː
701,701,718,ちんこへいおまち,DIG THE HAIR ON MY CHEST,dɪg ðə heər ɒn maɪ ʧɛst
702,702,719,べんりこうじえん,BELLY FULL OF GIN,bɛli fʊl ɒv ʤɪn
703,703,720,きゃべつはぜんぜんできてまへんきゃべつはぜんぜんできてまへんきゃべつはぜんぜんできてまへんできてまへん,TIME GOT THE TIME TICK TICK TICKIN' IN MY HEAD ×3TICKIN' IN MY HEAD,taɪm gɒt ðə taɪm tɪk tɪk tɪkɪn ɪn maɪ hɛd ×3tɪkɪn ɪn maɪ hɛd
704,704,721,かににみそつけあらう,CAN ANY NATION STAND ALONE,kæn ɛni neɪʃən stænd ələʊn
705,705,722,ねばねばねばねばこのびんせん,NEVER NEVER NEVER NEVER GONNA BE THE SAME,nɛvə nɛvə nɛvə nɛvə gənə biː ðə seɪm
706,706,723,よぉおっさんくうき,"YO, WHASSUP KOOL KEITH","jəʊ, dʌblju(ː)-eɪʧ-eɪ-ɛs-ɛs-juː-piː keɪ-əʊ-əʊ-ɛl kiːθ"
707,707,724,あっそれちょっとやめて,I SAW YOU JUST THE OTHER DAY,aɪ sɔː juː ʤʌst ði ʌðə deɪ
708,708,725,だれだれだだれだれだだれだれだだれだれだよー,TADADADADA TADADADADA TADADADADA TADADADADAO,tiː-eɪ-diː-eɪ-diː-eɪ-diː-eɪ-diː-eɪ tiː-eɪ-diː-eɪ-diː-eɪ-diː-eɪ-diː-eɪ tiː-eɪ-diː-eɪ-diː-eɪ-diː-eɪ-diː-eɪ tiː-eɪ-diː-eɪ-diː-eɪ-diː-eɪ-diː-eɪ-əʊ
709,709,726,いっそげいにいらいしてくれ,IT'S A GAME HE LIKES TO PLAY,ɪts ə geɪm hiː laɪks tuː pleɪ
710,710,727,くそにしちゃえらくしょうっちゃいな,THE SUN IS SHINING AN THE KIDS ARE SHOUTING LOUD,ðə sʌn ɪz ʃaɪnɪŋ ən ðə kɪdz ɑː ʃaʊtɪŋ laʊd
711,711,728,かんにんしてかんにんしてかんにんして,GEL IŞTE GEL IŞTE GEL IŞTE,ʤɛl aɪŞtiː ʤɛl aɪŞtiː ʤɛl aɪŞtiː
712,712,729,あんないのりのりで,AND I KNOW WE'RE GONNA BE,ænd aɪ nəʊ wɪə gənə biː
713,713,730,おかきいっこもっていこうぜ,HO CAPITO MOLTE COSE,həʊ siː-eɪ-piː-aɪ-tiː-əʊ ɛm-əʊ-ɛl-tiː-iː kəʊz
714,714,731,あむこうのじじいはすげーな,I'M GONNA TEACH YOU HOW TO SING IT OUT,aɪm gənə tiːʧ juː haʊ tuː sɪŋ ɪt aʊt
715,715,732,あさひるべんとうふらい,I STILL HEAR THE BATTLE CRY,aɪ stɪl hɪə ðə bætl kraɪ
716,716,733,さわってもうた,STYLE AND YOU KNOW THAT,staɪl ænd juː nəʊ ðæt
717,717,734,いちにちぱんつくわえて,ISN'T IT BAD SO QUIET THERE,ɪznt ɪt bæd səʊ kwaɪət ðeə
718,718,735,よめはんはのーぱん,AND HEAVENS OPEN,ænd hɛvnz əʊpən
719,719,736,ねこはだめだだめだだめだじゅういだじゅうい,THEY CALL HER DOMINO DOMINO DOMINO DO IT DO IT,ðeɪ kɔːl hɜː dɒmɪnəʊ dɒmɪnəʊ dɒmɪnəʊ duː ɪt duː ɪt
720,720,737,よんせんえん,YOU KNOW WHAT I'M SAYIN,juː nəʊ wɒt aɪm ɛs-eɪ-waɪ-aɪ-ɛn
721,721,738,ろうかにもうしょう,BROKEN EMOTIONS,brəʊkən ɪməʊʃənz
722,722,739,なりたにかえれひべー,NIGHT TIME CAVITY TO COME IN,naɪt taɪm kævɪti tuː kʌm ɪn
723,723,740,あにちゃーんあっおちる,NEED YOU I WANT YOU TO,niːd juː aɪ wɒnt juː tuː
724,724,741,いえでみんなでけつをみる,CAN I GET ANOTHER KISS FROM YOU,kæn aɪ gɛt ənʌðə kɪs frɒm juː
725,725,742,まっさーじそばやたらそーす,MY SEARCH IS OVER THE ALTER OF SOULS,maɪ sɜːʧ ɪz əʊvə ði ɔːltər ɒv səʊlz
726,726,743,さをよそう,SELL YOUR SOUL,sɛl jɔː səʊl
727,727,744,かみさまがぎょーざもかう,YOUR BROTHER'S IN THE CAR HIS GIRL'S IN THE CLUB,jɔː brʌðəz ɪn ðə kɑː hɪz gɜːlz ɪn ðə klʌb
728,728,745,なれてないちょすげぇくろい,NIGHT AFTER NIGHT JUST TO GET THROUGH THE WEEK,naɪt ɑːftə naɪt ʤʌst tuː gɛt θruː ðə wiːk
729,729,746,ねわざでぶないちゃう,THERE WAS A DAY WHEN I JUST,ðeə wɒz ə deɪ wɛn aɪ ʤʌst
730,730,747,みしていけや みしていけや みしていけっつっとろぉ,HE'S TAKEN HE'S TAKEN HE'S TAKEN HIS TOLL,hiːz teɪkən hiːz teɪkən hiːz teɪkən hɪz təʊl
731,731,748,こっちすわれねぇよ,GUCCI SWEATER NOW,gʊʧi swɛtə naʊ
732,732,749,それのんだらばやくなる,SAILIN' ON THE HIGHER GROUND,seɪlɪn ɒn ðə haɪə graʊnd
733,733,750,あしくんでめんだん,ACĺ CON TREMENDA,eɪ-siːĺ kɒn tiː-ɑːr-iː-ɛm-iː-ɛn-diː-eɪ
734,734,751,あしくろいなひざざらざら,I SEE CHRONOS HIS EYE ARE ON FIRE,aɪ siː siː-eɪʧ-ɑːr-əʊ-ɛn-əʊ-ɛs hɪz aɪ ɑːr ɒn faɪə
735,735,752,どんどんだれだどんどんだれだ,DUM DUM DA DI DA DUM DUM DA DI DA,diː-juː-ɛm diː-juː-ɛm dɑː di dɑː diː-juː-ɛm diː-juː-ɛm dɑː di dɑː
736,736,753,さいごのしるものめる,SIGN IT GONNA SEAL IT GONNA MAIL,saɪn ɪt gənə siːl ɪt gənə meɪl
737,737,755,きわたとうふまいた,MOMENT OF MY TIME,məʊmənt ɒv maɪ taɪm
738,738,756,ちくびしゃぶしゃぶ,TICKLED THEY CHERISH EVERY,tɪkld ðeɪ ʧɛrɪʃ ɛvri
739,739,757,おーれんきゅうだな,OH I'M NAKED AND I'M,əʊ aɪm neɪkɪd ænd aɪm
740,740,758,いんぽならちんぽになっとうえぇー,HE'S PULLING ON THE TRIGGER POINTED AT YOUR HEAD,hiːz pʊlɪŋ ɒn ðə trɪgə pɔɪntɪd æt jɔː hɛd
741,741,759,あのめろんのしるがまんてん,I'M THE MAN ON THE SILVER MOUNTAIN,aɪm ðə mæn ɒn ðə sɪlvə maʊntɪn
742,742,760,いたてえなこうもんどう,YOU DIDN'T COME UNDONE,juː dɪdnt kʌm ʌndʌn
743,743,761,びんびんいやらしい,BE REALITY,biː ri(ː)ælɪti
744,744,762,くじぼっきする,CAUSE YOU BOTH DESERVE,kɔːz juː bəʊθ dɪzɜːv
745,745,763,ばばあばばあばばあばばあどのこーすに,BYE BYE YOU'RE NO GOOD FOR ME,baɪ baɪ jʊə nəʊ gʊd fɔː miː
746,746,764,きっさてんでさよならきさくなぴえろ,GUESS I'D BETTER TELL YOU NOW GUESS I'D BETTER OBEY YOU LORD,gɛs aɪd bɛtə tɛl juː naʊ gɛs aɪd bɛtər əbeɪ juː lɔːd
747,747,766,へんなへいこうふんねえちゃん,HAND TO HAND ACROSS THE NATION,hænd tuː hænd əkrɒs ðə neɪʃən
748,748,767,こうもんこうもんこうもんひだり３つめ,COME ON COME ON COME ON YOU'VE GOT TO GIVE IT TO ME,kʌm ɒn kʌm ɒn kʌm ɒn juːv gɒt tuː gɪv ɪt tuː miː
749,749,768,にくあつでした,MIDWIFE'S A DISK DRIVE,mɪdwaɪfs ə dɪsk draɪv
750,750,769,ざぶとんはまだか,SIT WITH SOME BUT BUY UP SOME,sɪt wɪð sʌm bʌt baɪ ʌp sʌm
751,751,770,おっさんたまねぎたべにくそう,BULL SHIT PALANUIK BOTH MAKE ME CHOKE,bʊl ʃɪt piː-eɪ-ɛl-eɪ-ɛn-juː-aɪ-keɪ bəʊθ meɪk miː ʧəʊk
752,752,771,ねぼけてたつちんぽ,NEVER GET ME DOWN TO DEATH ROW,nɛvə gɛt miː daʊn tuː dɛθ rəʊ
753,753,772,はげのおれらへんだねー,I GET NO LETTERS IN THE MAIL,aɪ gɛt nəʊ lɛtəz ɪn ðə meɪl
754,754,773,ほんとうのしゅみふりすびー,COMING DOWN THE CHIMNEY RELEASE ME,kʌmɪŋ daʊn ðə ʧɪmni rɪliːs miː
755,755,774,ちくわちがうちくわちがうちくわ,JIGGA WHAT JIGGA WHO JIGGA WHAT,ʤeɪ-aɪ-ʤiː-ʤiː-eɪ wɒt ʤeɪ-aɪ-ʤiː-ʤiː-eɪ huː ʤeɪ-aɪ-ʤiː-ʤiː-eɪ wɒt
756,756,775,あほだもんあさだるいありあんぜんえびあらいつらいでぶじゅーすかう,THE BOREDOM OF THE SOBER WEEK THIS WEEKEND IS HERE HIP HIP HOORAY TO MAKE THE BLUES JUST GO,ðə bɔːdəm ɒv ðə səʊbə wiːk ðɪs wiːkɛnd ɪz hɪə hɪp hɪp huːreɪ tuː meɪk ðə bluːz ʤʌst gəʊ
757,757,776,すでにそりゃあかおまちがえてます,SENDIN' THIS ONE OUT TO ALL MY DRINKERS,sɛndɪn ðɪs wʌn aʊt tuː ɔːl maɪ drɪŋkəz
758,758,777,なわにはうんこばっかり,NOW I'M HERE AND WON'T GO BACK BELIEVE,naʊ aɪm hɪər ænd wəʊnt gəʊ bæk bɪliːv
759,759,778,でまえはんぺんにかんぶり,THAT MIGHT HAVE MADE ME COMPLETE,ðæt maɪt hæv meɪd miː kəmpliːt
760,760,779,いたりあさいこうのぱすた,AND TELL THAT PSYCHO TO PASS THE,ænd tɛl ðæt saɪkəʊ tuː pɑːs ðiː
761,761,780,あーいたいゆびかめもっと,I'D DIE TO BECOME IMMORTAL,aɪd daɪ tuː bɪkʌm ɪmɔːtl
762,762,781,はままつがええねんいうの,I'M ABOUT TO GO AND THEN YOU'LL KNOW,aɪm əbaʊt tuː gəʊ ænd ðɛn juːl nəʊ
763,763,782,べんじょおなにー,BANJO ON MY KNEE,bænʤəʊ ɒn maɪ niː
764,764,783,てれくらかまくら,TELL THE GIRL A COMICAL LINE,tɛl ðə gɜːl ə kɒmɪkəl laɪn
765,765,784,とびだしたちんげ,STRONG ENOUGH TO CHANGE IT,strɒŋ ɪnʌf tuː ʧeɪnʤ ɪt
766,766,785,ばあさんもよーろっぱのこっきがみたい,PASANDO EL ROLO CON MUCHO KILOMETRAJE,piː-eɪ-ɛs-eɪ-ɛn-diː-əʊ ɛl ɑːr-əʊ-ɛl-əʊ kɒn ɛm-juː-siː-eɪʧ-əʊ keɪ-aɪ-ɛl-əʊ-ɛm-iː-tiː-ɑːr-eɪ-ʤeɪ-iː
767,767,786,おれにはみそきみやさい,WOMAN YOU WANT ME SO GIVE ME A SIGN,wʊmən juː wɒnt miː səʊ gɪv miː ə saɪn
768,768,787,えちんぽにすぷれー,IT'S SIMPLE AND IT'S PLAIN,ɪts sɪmpl ænd ɪts pleɪn
769,769,788,とけねえぬまたはちてん,TO QUE NENHUMA TERRA TEM,tuː kjuː-juː-iː ɛn-iː-ɛn-eɪʧ-juː-ɛm-eɪ tɛrə tiː-iː-ɛm
770,770,789,いんろうでない,AIN'T NO DENYING,eɪnt nəʊ dɪnaɪɪŋ
771,771,790,あのねじはでかい,I KNOW THE NATURE OF YOURI KI,aɪ nəʊ ðə neɪʧər ɒv waɪ-əʊ-juː-ɑːr-aɪ keɪ-aɪ
772,772,791,あーぼくのおもいどおりにさせて,I'M WALKING ON BON BON AND SUCH AS THESE,aɪm wɔːkɪŋ ɒn biː-əʊ-ɛn biː-əʊ-ɛn ænd sʌʧ æz ðiːz
773,773,792,ひめせいそだったらよかったです,HIT ME THE ANSWER THAT I'M TALKIN ABOUT THAT IS,hɪt miː ði ɑːnsə ðæt aɪm tiː-eɪ-ɛl-keɪ-aɪ-ɛn əbaʊt ðæt ɪz
774,774,793,きゅうにせきない,GIVE ME A SECOND I,gɪv miː ə sɛkənd aɪ
775,775,794,はまにいればろうかにちょうどおばとおじさん,HARMONY WILL AROUND LOOK AT EACH OTHER ALL THAT WAS LOST IS FOUND,hɑːməni wɪl əraʊnd lʊk æt iːʧ ʌðər ɔːl ðæt wɒz lɒst ɪz faʊnd
776,776,795,どーなつみはるおば,DON'T ASK ME HOW OR WHY,dəʊnt ɑːsk miː haʊ ɔː waɪ
777,777,796,あっちふゆうそう,WANTED FOR YOURSELF,wɒntɪd fɔː jɔːsɛlf
778,778,797,たった,DOCTOR,dɒktə
779,779,798,くずゆどれでしょう,CAUSE YOU DON'T LET IT SHOW,kɔːz juː dəʊnt lɛt ɪt ʃəʊ
780,780,799,たっきゅうさぁたっきゅうさぁたっきゅうさーさー,THANK YOU STOP THANK YOU  STOP THANK YOU STOP STOP,θæŋk juː stɒp θæŋk juː stɒp θæŋk juː stɒp stɒp
781,781,800,じけんだじけんだくびだけだ,SICKENED THIRST SICKENED THIRST KEEPS IT TOGETHER,sɪknd θɜːst sɪknd θɜːst kiːps ɪt təgɛðə
782,782,801,わらってごめんわらってごめんなぁごめんなもう,WHY DON'T YOU GO AWAY WHY DON'T YOU GO AWAY AND NEVER COME BACK NO MORE,waɪ dəʊnt juː gəʊ əweɪ waɪ dəʊnt juː gəʊ əweɪ ænd nɛvə kʌm bæk nəʊ mɔː
783,783,802,おじいさんがすげえのりこんできた,DRESSED UP JUST LIKE ZIGGY BUT HE COULDN'T PLAY GUITAR,drɛst ʌp ʤʌst laɪk zɛd-aɪ-ʤiː-ʤiː-waɪ bʌt hiː kʊdnt pleɪ gɪtɑː
784,784,803,たなのうえ,TELLING THE WORLD,tɛlɪŋ ðə wɜːld
785,785,804,このなかゆいれるじゃん,KORN ON THE COB YOU NEED A NEW JOB,keɪ-əʊ-ɑːr-ɛn ɒn ðə kɒb juː niːd ə njuː ʤɒb
786,786,805,こうもんきれいだねきれいだね,COME ON TILL THE EVENIN' ENDS TILL THE EVENIN' ENDS,kʌm ɒn tɪl ði iːvnɪn ɛndz tɪl ði iːvnɪn ɛndz
787,787,806,のーぱんしけんにする,NOTHING SHE CAN EXPLAIN,nʌθɪŋ ʃiː kæn ɪkspleɪn
788,788,807,ぼっちゃまいかたべそうね,VOU TE AMOR E CADA VERSO MEU,viː-əʊ-juː tiː eɪ-ɛm-əʊ-ɑːr iː siː-eɪ-diː-eɪ vɜːsəʊ ɛm-iː-juː
789,789,808,あけろむすこで,I COULD ALMOST GO THERE,aɪ kʊd ɔːlməʊst gəʊ ðeə
790,790,809,のうかがなにかうってるっぽい,ANGORA D'UN CHAOS TÉNÉBREUX,æŋgɔːrə D'UN keɪɒs tiːÉɛnÉbiː-ɑːr-iː-juː-ɛks
791,791,810,そういうけいさんはしていかない,SO IN CASE I'M MISTAKEN I,səʊ ɪn keɪs aɪm mɪsteɪkən aɪ
792,792,811,すりぬける,SOONER THE BETTER,suːnə ðə bɛtə
793,793,812,あたしゃもうたったよこすかへ,AY DE ESTA AMOR TANTO YO BUSQUE,aɪ diː iː-ɛs-tiː-eɪ eɪ-ɛm-əʊ-ɑː tæntəʊ jəʊ biː-juː-ɛs-kjuː-juː-iː
794,794,813,いいんじゃないすか,GIVIN' OUT A SPARK,gɪvɪn aʊt ə spɑːk
795,795,814,はげのにゅうりん,HANGING ON YOUR LEAD,hæŋɪŋ ɒn jɔː liːd
796,796,815,けいさつにはいうなよ,CAN'T SIT STILL I'M GROOVIN',kɑːnt sɪt stɪl aɪm gruːvɪn
797,797,816,あれはせれぶなひとびと,I NEVER SAID BUT I NEED TO BE TOLD,aɪ nɛvə sɛd bʌt aɪ niːd tuː biː təʊld
798,798,817,いおおきいまつもと,WE ALL CAME OUT TO MONTREUX,wiː ɔːl keɪm aʊt tuː ɛm-əʊ-ɛn-tiː-ɑːr-iː-juː-ɛks
799,799,818,てぃっしゅてにばいてん,TEE SHIRTS AND eight by ten'S,tiː ʃɜːts ænd eɪt baɪ tɛnz
800,800,819,みみくそくうみみすませ,MADE ME FEEL SO GOOD MADE ME FEEL MYSELF,meɪd miː fiːl səʊ gʊd meɪd miː fiːl maɪsɛlf
801,801,820,おならきいてたねすいません,WOMAN I KEEP RETURNIN' TO SING THE SAME,wʊmən aɪ kiːp rɪtɜːnɪn tuː sɪŋ ðə seɪm
802,802,821,しずかなもり,JUSQUE DANS MON LIT,ʤeɪ-juː-ɛs-kjuː-juː-iː dænz mɒn lɪt
803,803,822,きざめほうれんそう,CAUSE I'M A HOPELESS WAN,kɔːz aɪm ə həʊplɪs wɒn
804,804,823,ぬったみそくったぼくら,NO TIME IS A GOOD TIME FOR GOODBYES,nəʊ taɪm ɪz ə gʊd taɪm fɔː gʊdbaɪz
805,805,824,かずのりろんときゅうしゅう, I GOT LIPS THAT LONG TO KISS YOU,aɪ gɒt lɪps ðæt lɒŋ tuː kɪs juː
806,806,825,すっぱいよなすっぱいでしょ,OSSO PONHO NA SOPA E DEIXO,əʊ-ɛs-ɛs-əʊ piː-əʊ-ɛn-eɪʧ-əʊ ɛn-eɪ ɛs-əʊ-piː-eɪ iː diː-iː-aɪ-ɛks-əʊ
807,807,826,おいしいわぎゅう,WE'LL SEE WHAT YOU,wiːl siː wɒt juː
808,808,827,せいべつふもんになった,SAVE IT TILL THE MORNING AFTER,seɪv ɪt tɪl ðə mɔːnɪŋ ɑːftə
809,809,828,えろぼんだぜんぶ,IN A HOTEL CHAMBER,ɪn ə həʊtɛl ʧeɪmbə
810,810,829,あのにいちゃんええまつたけ,I DON'T NEED TO HANG MY STOCKING,aɪ dəʊnt niːd tuː hæŋ maɪ stɒkɪŋ
811,811,830,にんげんまじでゆるさん,NINGUÉM MAIS TEM ILUSÃO,ɛn-aɪ-ɛn-ʤiː-juːÉɛm ɛm-eɪ-aɪ-ɛs tiː-iː-ɛm aɪ-ɛl-juː-ɛsÃəʊ
812,812,831,いやがらせぴかっねむいわ,YOUNG GIRLS HAVE PICKED THEM EVERYONE,jʌŋ gɜːlz hæv pɪkt ðɛm ɛvrɪwʌn
813,813,832,わきげだわきげだ,WATCH HER GET DOWN,wɒʧ hɜː gɛt daʊn
814,814,834,なかにだれかいますか,TREACHERY PENETRATES MY SKIN,trɛʧəri pɛnɪtreɪts maɪ skɪn
815,815,835,だめさわっちゃだめ,DUMMY SUCH A DUMMY,dʌmi sʌʧ ə dʌmi
816,816,836,いなだはふりすびーちゅう,IN OTHER WORDS PLEASE BE TRUE,ɪn ʌðə wɜːdz pliːz biː truː
817,817,837,へいじつのでぃすこはきがるにおわってふろ,IS HE STRONG LISTEN BUD HE'S GOT RADIOACTIVE BLOOD,ɪz hiː strɒŋ lɪsn bʌd hiːz gɒt ˌreɪdɪəʊæktɪv blʌd
818,818,838,あおぞらでへいもろでぼっきした, I WANNA GO BACK AND GET MORE OF THAT FUNKY STUFF,aɪ wɒnə gəʊ bæk ænd gɛt mɔːr ɒv ðæt fʌŋki stʌf
819,819,839,めのまえあらびきうぃんなー,MANY MILES ARE BETWEEN US,mɛni maɪlz ɑː bɪtwiːn juːɛs
820,820,840,おまえらよそったらはやさよめしくえや,OH MY LOVE YOU'RE SO TIRED BUT YOU MUST THINK QUIET,əʊ maɪ lʌv jʊə səʊ taɪəd bʌt juː mʌst θɪŋk kwaɪət
821,821,841,しんちょうにひっこんだぼうず,SHEEP TREMBLE AN HERE COME THA VOTES,ʃiːp trɛmbl ən hɪə kʌm tiː-eɪʧ-eɪ vəʊts
822,822,842,ひざまずけあぁー,HE'S A VIRGIN KILLER,hiːz ə vɜːʤɪn kɪlə
823,823,843,あんこあまいよ,I'LL GO ON MY OWN,aɪl gəʊ ɒn maɪ əʊn
824,824,844,ちもうさわった,TU MENS SAMANTHA,tiː-juː mɛnz səmænθə
825,825,845,のりでふうしょはろう,NO NEED TO FEEL SO HOLLOW,nəʊ niːd tuː fiːl səʊ hɒləʊ
826,826,846,けさはちいさくねぇ,GUESS I WALKED TOO SOFTLY,gɛs aɪ wɔːkt tuː sɒftli
827,827,847,みなさんちゃーはん,MIDNIGHT SUN TIME,mɪdnaɪt sʌn taɪm
828,828,848,あせじいちゃんすげぇ,ASAN DJ SKANE,eɪ-ɛs-eɪ-ɛn diːˌʤeɪ ɛs-keɪ-eɪ-ɛn-iː
829,829,849,うーんまずおっぱいみたい,UH ONCE UPON A TIME,ʌ wʌns əpɒn ə taɪm
830,830,850,ゆうかんとってみふろにゆうかんとってみ,YOU CAN TALK TO MEIF YOU'RE LONELY YOU CAN TALK TO ME,juː kæn tɔːk tuː ɛm-iː-aɪ-ɛf jʊə ləʊnli juː kæn tɔːk tuː miː
831,831,851,さんじゅうびょうみろよそうろう,C'EST GENIAL FAIS-NOUS LE SOLO,C'EST ʤiːniəl ɛf-eɪ-aɪ-ɛs-naʊs ɛl-iː səʊləʊ
832,832,852,ぼくちんぽそうじけっこうやばいほんまくそう,TURN THE JUKEBOX ON GOOD GOD OH COME ON Y'ALL,tɜːn ðə ʤuːkbɒks ɒn gʊd gɒd əʊ kʌm ɒn jɔːl
833,833,853,あわびおなにーえいえーっ,OH I NEED IT ALL I NEED YEAH YEAH,əʊ aɪ niːd ɪt ɔːl aɪ niːd jeə jeə
834,834,854,いちめいのりへんだぜ,ICH WILL EURE HANDE SEHEN,aɪ-siː-eɪʧ wɪl iː-juː-ɑːr-iːr eɪʧ-eɪ-ɛn-diː-iː ɛs-iː-eɪʧ-iː-ɛn
835,835,855,しょみんのおかいけい,THE SHARIF DON'T LIKE IT,ði ɛs-eɪʧ-eɪ-ɑːr-aɪ-ɛf dəʊnt laɪk ɪt
836,836,856,べんきょうしてえ,MAKE YOUR STAND,meɪk jɔː stænd
837,837,857,ちんちんひっぱった,CHANGE IN HIM BUT CAN'T,ʧeɪnʤ ɪn hɪm bʌt kɑːnt
838,838,858,さいしょっぺぇー,SAY IT'S YOUR THING,seɪ ɪts jɔː θɪŋ
839,839,859,もうかまぼこたべたいくらいくらもうかまぼこたべろいくら,MORE CALIBER PER CAPITA INGROWN INGROWN,mɔː kælɪbə pɜː kæpɪtə aɪ-ɛn-ʤiː-ɑːr-əʊ-dʌblju(ː)-ɛn aɪ-ɛn-ʤiː-ɑːr-əʊ-dʌblju(ː)-ɛn
840,840,860,あけるふり,AH QUELLE FOLIE,ɑː kjuː-juː-iː-ɛl-ɛl-iː ɛf-əʊ-ɛl-aɪ-iː
841,841,861,つめぎれってねえちゃん,TO MAKE A RESERVATION,tuː meɪk ə ˌrɛzəveɪʃən
842,842,862,あっちんぽなめる,I'VE TRAMPLED ON THAT ROAD,aɪv træmpld ɒn ðæt rəʊd
843,843,863,ないそくにつまる,WON'T YOU COME INTO MY ROOM,wəʊnt juː kʌm ɪntuː maɪ ruːm
844,844,864,だれあけてだれ,DOLLY I CAN TELL DOLLY,dɒli aɪ kæn tɛl dɒli
845,845,865,さんまでぼっきした,SOME OF THAT FUNKY STUFF,sʌm ɒv ðæt fʌŋki stʌf
846,846,866,ぼくのにいちゃんのぱんつ,FALL TO YOUR KNEES AND REPENT,fɔːl tuː jɔː niːz ænd riːpənt
847,847,867,へんしんおせえよ,HANDS TO YOURSELF,hændz tuː jɔːsɛlf
848,848,868,こおらすまゆげ,COLD AS I MIGHT HAVE GUESSED,kəʊld æz aɪ maɪt hæv gɛst
849,849,869,ゆのみのはば,YOU DON'T NEED NO LEATHER,juː dəʊnt niːd nəʊ lɛðə
850,850,870,いちにあでるあでるもう,IT SHOULD MEAN A LITTLE A LITTLE MORE,ɪt ʃʊd miːn ə lɪtl ə lɪtl mɔː
851,851,871,にゅーよーくのこいけさんががんばってない,LOOK NO FURTHER BOY 'CAUSE I GOT JUST WHAT YOU NEED,lʊk nəʊ fɜːðə bɔɪ kɒz aɪ gɒt ʤʌst wɒt juː niːd
852,852,872,うんとおとろえてるわだ,POURTANT VOTRE LOINTAINE FROIDEUR,piː-əʊ-juː-ɑː-tiː-eɪ-ɛn-tiː viː-əʊ-tiː-ɑːr-iːr ɛl-əʊ-aɪ-ɛn-tiː-eɪ-aɪ-ɛn-iː ɛf-ɑːr-əʊ-aɪ-diː-iː-juː-ɑː
853,853,873,あんまりのってないあすぱら,I MIGHT END UP IN THE HOSPITAL,aɪ maɪt ɛnd ʌp ɪn ðə hɒspɪtl
854,854,874,ちょっとまったそれとちょっとまった,SALTA MALTA SALTA SALTA MALTA,ɛs-eɪ-ɛl-tiː-eɪ mɔːltə ɛs-eɪ-ɛl-tiː-eɪ ɛs-eɪ-ɛl-tiː-eɪ mɔːltə
855,855,875,おにぎりあるであとごじゅうろっこ,MORNING KICKS ME OUT OF BED I STUMBLE TO THE FLOOR,mɔːnɪŋ kɪks miː aʊt ɒv bɛd aɪ stʌmbl tuː ðə flɔː
856,856,876,たなのうらにおっさんいるっぽい,TURN IT AROUND YES I'M WAITING FOR YOUR,tɜːn ɪt əraʊnd jɛs aɪm weɪtɪŋ fɔː jɔː
857,857,877,ぬるぬるふうふ,NNH-OOO-LU-LU HOO HOO,ɛn-ɛn-eɪʧ-əʊ-əʊ-əʊ-ɛl-juː-ɛl-juː huː huː
858,858,878,つめにたいなわ＆たま,TOO MANY TIMES NOW I'M DETERMINED,tuː mɛni taɪmz naʊ aɪm dɪtɜːmɪnd
859,859,879,けつからぽすたー,CAN'T STOP WON'T STOP,kɑːnt stɒp wəʊnt stɒp
860,860,881,あふりかまなんで, I FORGOT MAN I'M DEAD,aɪ fəgɒt mæn aɪm dɛd
861,861,882,こんどうさんばっか,QUANDO O SAMBA ACA,kjuː-juː-eɪ-ɛn-diː-əʊ əʊ sæmbə eɪ-siː-eɪ
862,862,883,からあげがとんでる,GOTTA GET BACK HOME TO YOU,gɒtə gɛt bæk həʊm tuː juː
863,863,884,よびこうあっびこう,Y'ALL RECORD I RECALL,jɔːl rɛkɔːd aɪ rɪkɔːl
864,864,885,いまでてんぐがばどみんとん,LAME BODY THING WE NO BOTHER WITH THAT,leɪm bɒdi θɪŋ wiː nəʊ bɒðə wɪð ðæt
865,865,886,がりべんがりべんがりべんあんぱんとちゅうちゃ,GOT IT BED GOT IT BED GOT IT BED I'M HOT FOR TEACHER,gɒt ɪt bɛd gɒt ɪt bɛd gɒt ɪt bɛd aɪm hɒt fɔː tiːʧə
866,866,888,わーおっちゃんかおもいいよさんにちでしぬの,WHY WON'T YOU COME OVER HERE WE'VE GOT A CITY TO LOVE,waɪ wəʊnt juː kʌm əʊvə hɪə wiːv gɒt ə sɪti tuː lʌv
867,867,889,ようせつめんせつ,NO SENSE MAKES SENSE,nəʊ sɛns meɪks sɛns
868,868,890,やっちゃったね,LEFT IN CHARGE TO DOMINATE,lɛft ɪn ʧɑːʤ tuː dɒmɪneɪt
869,869,891,べんじょだより,READ YOUR DIARY,riːd jɔː daɪəri
870,870,892,あーみみうまい,I ME ME MINE,aɪ miː miː maɪn
871,871,893,あんこはのめない,I'M GOIN HOME TONIGHT,aɪm ʤiː-əʊ-aɪ-ɛn həʊm tənaɪt
872,872,895,あびるぞよわったな,I FEEL AS THOUGH YOU OUGHT TO KNOW,aɪ fiːl æz ðəʊ juː ɔːt tuː nəʊ
873,873,896,きたきゅうしゅう,KICK OFF YOUR SHOES,kɪk ɒf jɔː ʃuːz
874,874,897,いっかいめよんかいめきゅうかいめ,HEY BABY WHOA BABY PRETTY BABY,heɪ beɪbi wəʊ beɪbi prɪti beɪbi
875,875,899,ななじかんあっかんべー,NOW THAT YOU GONE I CAN BREATHE,naʊ ðæt juː gɒn aɪ kæn briːð
876,876,900,つめにほんこん,TOO MANY PHONE CALLS,tuː mɛni fəʊn kɔːlz
877,877,901,びんたがほしいすわってけえさくえ,PIG TRYING TOHOG SHIT SO I TAKE YO ASS OUT QUICK,pɪg traɪɪŋ tiː-əʊ-eɪʧ-əʊ-ʤiː ʃɪt səʊ aɪ teɪk jəʊ æs aʊt kwɪk
878,878,902,あまさんじゃんまたじゃんまたじゃん,ARE MY SUNSHINE MY SUNSHINE MY SUNSHINE,ɑː maɪ sʌnʃaɪn maɪ sʌnʃaɪn maɪ sʌnʃaɪn
879,879,903,だいぶつとおる,DYKE BITCHES TOTAL,daɪk bɪʧɪz təʊtl
880,880,904,らーめんにすくわれるじゅけんせい,RHYMIN' AND STEALIN' IN A DRUNKEN STATE,raɪmɪn ænd stiːlɪn ɪn ə drʌŋkən steɪt
881,881,905,ちんぽこすれすれ,SUFFOQUANT SOUS LE SOLEIL,ɛs-juː-ɛf-ɛf-əʊ-kjuː-juː-eɪ-ɛn-tiː suːz ɛl-iː ɛs-əʊ-ɛl-iː-aɪ-ɛl
882,882,906,じゅうえんじりへ,YOU WILL SEE THE END,juː wɪl siː ði ɛnd
883,883,907,ゆかつまんねぇ,YOU'VE GOT TO MANAGE,juːv gɒt tuː mænɪʤ
884,884,909,いっとけそうろうやばいな,IT TOOK ME SO LONG TO FIND OUT,ɪt tʊk miː səʊ lɒŋ tuː faɪnd aʊt
885,885,910,みでちゃうだろ,"MÉR, KIS ANGYALOM","ɛmÉɑː, keɪ-aɪ-ɛs eɪ-ɛn-ʤiː-waɪ-eɪ-ɛl-əʊ-ɛm"
886,886,911,ひらいてこうもんみた,HE'D LIKE TO COME AND MEET US,hiːd laɪk tuː kʌm ænd miːt juːɛs
887,887,912,あしよりみみよ,I SAY ALUMINIUM,aɪ seɪ ˌæləmɪniəm
888,888,913,わせだからとおい,ROXETTE I GOT TO GO AWAY,ɑːr-əʊ-ɛks-iː-tiː-tiː-iː aɪ gɒt tuː gəʊ əweɪ
889,889,914,うつせぶりーふはほうえい,WOULD SIMPLY FLY AWAY,wʊd sɪmpli flaɪ əweɪ
890,890,915,あーっだれかいるよ,AH DÁ-ME SANGRIA,ɑː diːÁ-miː ɛs-eɪ-ɛn-ʤiː-ɑːr-aɪ-eɪ
891,891,916,こいつはかしてもちりがみだろ,THE CLOSEST TO A COW SHE'D BEEN WAS EATING AT McDONALD'S,ðə kləʊsɪst tuː ə kaʊ ʃiːd biːn wɒz iːtɪŋ æt məkdɒnldz
892,892,917,かもつだろくおんもしよう,COME ON DO THELOCO-MOTION,kʌm ɒn duː tiː-eɪʧ-iː-ɛl-əʊ-siː-əʊ-məʊʃən
893,893,918,ゆびがとまるゆびがとまるがとまる,YOU'LL BE GONE TOMORROW GONE TOMORROW,juːl biː gɒn təmɒrəʊ gɒn təmɒrəʊ
894,894,920,これだんろですこれだんさです,CALL IT DOWNLODING I CALL IT DOWNSIZING,kɔːl ɪt diː-əʊ-dʌblju(ː)-ɛn-ɛl-əʊ-diː-aɪ-ɛn-ʤiː aɪ kɔːl ɪt daʊnsaɪzɪŋ
895,895,921,いっしゅんしあわせふうにみえる,YOU SHOULD SEE YOURSELF IN THE MIRROR,juː ʃʊd siː jɔːsɛlf ɪn ðə mɪrə
896,896,922,たちしょんまん,TOUCHES YOUR MOUTH,tʌʧɪz jɔː maʊθ
897,897,923,あなにさしたらいい,EIN HEISSER SCHREI,iː-aɪ-ɛn eɪʧ-iː-aɪ-ɛs-ɛs-iː-ɑːr ɛs-siː-eɪʧ-ɑːr-iː-aɪ
898,898,925,あたしべんとううすいあたしべんとうくろいあたしべんとうちー,A NATION BUILT ON SWEAT A NATION BUILT ON BLOOD A NATION BUILT ON DREAMS,ə neɪʃən bɪlt ɒn swɛt ə neɪʃən bɪlt ɒn blʌd ə neɪʃən bɪlt ɒn driːmz
899,899,926,ままにあわなぱんつないちんちんみんですかい,MY MONEY ON A PAWN TONIGHT A CHANGE CAME IN DISGUISE,maɪ mʌni ɒn ə pɔːn tənaɪt ə ʧeɪnʤ keɪm ɪn dɪsgaɪz
900,900,927,させぼあそこらしい,CESSIBLE COME SUPPORT OUR SCENE,siː-iː-ɛs-ɛs-aɪ-biː-ɛl-iː kʌm səpɔːt aʊə siːn
901,901,928,しょうゆをとろうとした,SO YOU WANT THE WORLD TO STOP,səʊ juː wɒnt ðə wɜːld tuː stɒp
902,902,929,めしがさびしい,MISSY NOW SERVICE ME,mɪsi naʊ sɜːvɪs miː
903,903,930,みんなちゃのまへすぐたってあとばあちゃんまんじゅうくえ,WHEN I CHANNEL MY HATE TO PRODUCTIVE I DON'T FIND IT HARD TO IMPRESS,wɛn aɪ ʧænl maɪ heɪt tuː prədʌktɪv aɪ dəʊnt faɪnd ɪt hɑːd tuː ɪmprɛs
904,904,931,あせるおっちゃんあいらいん,I SAID WATCH OUT I AIN'T LYING,aɪ sɛd wɒʧ aʊt aɪ eɪnt laɪɪŋ
905,905,932,しがだびんご,SHE GOT THE BIG GUNS,ʃiː gɒt ðə bɪg gʌnz
906,906,933,あぶらひしゃとせんてんぼう,FOUND THE LOVE THAT WE SHARED IN SEPTEMBER,faʊnd ðə lʌv ðæt wiː ʃeəd ɪn sɛptɛmbə
907,907,934,ゆびをぺろぺろぺろゆびをなめてあらうゆびをぺろぺろぺろゆびをなめてあらう,YOU FEEL BETTER BETTER BETTER WILL YOU FEEL ANYTHING AT ALL,juː fiːl bɛtə bɛtə bɛtə wɪl juː fiːl ɛnɪθɪŋ æt ɔːl
908,908,935,たけるたけるぼでぃこんのしょうちゅうだ,TACK IT UP TACK IT UP BUDDY GONNA SHUT YOU DOWN,tæk ɪt ʌp tæk ɪt ʌp bʌdi gənə ʃʌt juː daʊn
909,909,936,ていきいれにもあけ,TAKE IT ANYMORE I CAN'T,teɪk ɪt ˌɛnimɔːr aɪ kɑːnt
910,910,937,てこのげんり,TAKE A LOOK AT THESE,teɪk ə lʊk æt ðiːz
911,911,938,ちょっとまってこうちゃがめっちゃやすい,TEMPERED BY THE CRAFT OF A VITREOUS MOON,tɛmpəd baɪ ðə krɑːft ɒv ə vɪtrɪəs muːn
912,912,939,かまないとやばい,COMING LIVE FROM FA,kʌmɪŋ lɪv frɒm fɑː
913,913,940,しりしりしりしりしりしりこうもん,CITY THE CITY THE CITY THE CITY THE CITY THE CITY C'MON,sɪti ðə sɪti ðə sɪti ðə sɪti ðə sɪti ðə sɪti k(ə)mɒn
914,914,941,うわーめしおれふすまじゃし,WISE MEN SAY ONLY FOOLS RUSH IN,waɪz mɛn seɪ əʊnli fuːlz rʌʃ ɪn
915,915,942,わかめにじかんかじった,WALLS OF RELIGION COME CRASHING DOWN,wɔːlz ɒv rɪlɪʤən kʌm kræʃɪŋ daʊn
916,916,943,はなとみみからちがでる, I RECOMMEND WE BATTLE TO THE BITTER END,aɪ ˌrɛkəmɛnd wiː bætl tuː ðə bɪtər ɛnd
917,917,944,おつりくださいあーわすれた,WATCH ME CLOSELY I WILL STAND UP,wɒʧ miː kləʊsli aɪ wɪl stænd ʌp
918,918,945,むしゃめいどしみんつぎはおしょう,LOOKS CAN BE DECEIVING SEE BEYOND THE SHELL,lʊks kæn biː dɪsiːvɪŋ siː bɪjɒnd ðə ʃɛl
919,919,946,れんこんてにおんなぶろ,THAN CONFETTI ON THE FLOOR,ðæn kənfɛti(ː) ɒn ðə flɔː
920,920,947,いしよんでいしよんでいしよんで,IS SHE OUT THERE,ɪz ʃiː aʊt ðeə
921,921,948,なんぱまち,ROUND FOR MY SHOES,raʊnd fɔː maɪ ʃuːz
922,922,949,そろばんにひるむな,SHRAPNEL FLIES DEHUMANIZE,ʃræpnl flaɪz diːhjuːmənaɪz
923,923,950,ちんこにさいたばら,FEELING COLD INSIDE ABOUT WHAT I,fiːlɪŋ kəʊld ɪnsaɪd əbaʊt wɒt aɪ
924,924,951,あたりはびんぼうにんです, I THOUGHT IT WOULD BE FUN AND GAMES,aɪ θɔːt ɪt wʊd biː fʌn ænd geɪmz
925,925,952,これほしいめちゃほしい,PRIVACY AND INTIMACY,prɪvəsi ænd ɪntɪməsi
926,926,953,めにごみそばにほおずき,WAITING ALL THESE SOMEBODY HOLDS THE KEY,weɪtɪŋ ɔːl ðiːz sʌmbədi həʊldz ðə kiː
927,927,954,まにあわないまにあわない,MONEY ON MY MIND,mʌni ɒn maɪ maɪnd
928,928,955,かあさんてぃっしゅてぃっしゅにくり,CLAWS LIKE THIS IN THIS SYMMETRY,klɔːz laɪk ðɪs ɪn ðɪs sɪmɪtri
929,929,956,おじらねそう,OH TIERRA DEL SOL,əʊ tiː-aɪ-iː-ɑːr-ɑːr-eɪ dɛl sɒl
930,930,957,いきどまりのかっぷめん,IF YOU DON'T MIND THE COMPLIMENT,ɪf juː dəʊnt maɪnd ðə kɒmplɪmənt
931,931,958,あーせっけんふろおけふるちんまえにいるちるどれんとうちゃんつりせん,OH SICKENED BROKEN BLOOD SHED MURDER YOU'RE CHILDREN TORTURE TREASON,əʊ sɪknd brəʊkən blʌd ʃɛd mɜːdə jʊə ʧɪldrən tɔːʧə triːzn
932,932,959,ようわからん,YO I GOT A,jəʊ aɪ gɒt eɪ
933,933,960,じゅうえんだまのれきし,TO WEED THE WORLD OF THEIR DISEASE,tuː wiːd ðə wɜːld ɒv ðeə dɪziːz
934,934,961,はれふとんだよふっとんだよ,A RE TRUTH DON DIE O TRUTH DON DIE O,ə riː truːθ dɒn daɪ əʊ truːθ dɒn daɪ əʊ
935,935,962,どいつじんじゅうごてん,THOUGH IT'S EASY TO PRETEND,ðəʊ ɪts iːzi tuː prɪtɛnd
936,936,963,てんちょうまよってんのかい,TEMPTATION A FIRE SET AFLAME,tɛmpteɪʃən ə faɪə sɛt əfleɪm
937,937,964,あげていいあげていいあげていいあげていいぱんてぃぱんてぃ,I GET DEEP I GET DEEPI GET DEEP I GET DEEPER DEEPER DEE,aɪ gɛt diːp aɪ gɛt diː-iː-iː-piː-aɪ gɛt diːp aɪ gɛt diːpə diːpə diː
938,938,965,いみはない,GIMME ONE NIGHT,gɪmiː wʌn naɪt
939,939,966,ちばちばちばきばこいわ,SHE BOP HE BOP A WE BOP,ʃiː bɒp hiː bɒp ə wiː bɒp
940,940,967,かんぴょうはすげぇぞかんぴょうはすげぇぞ,CLAP YOUR HANDS TOGETHER,klæp jɔː hændz təgɛðə
941,941,968,れんだれんだこうもんれんだぼね,"RAIN DOWN, RAIN DOWN COME ON RAIN DOWN ON ME","reɪn daʊn, reɪn daʊn kʌm ɒn reɪn daʊn ɒn miː"
942,942,969,とうろうにちんすこうちんすこう,TOLL ON ME SHE'S GONE,təʊl ɒn miː ʃiːz gɒn
943,943,970,だめだめだめだめやめてよそのて,LET ME LET ME LET ME LET ME TELL YOU SOMETHIN',lɛt miː lɛt miː lɛt miː lɛt miː tɛl juː sʌmθɪn
944,944,971,あらそっているあいだに,ON A SUNDAY MORNING,ɒn ə sʌndeɪ mɔːnɪŋ
945,945,972,あさかあさかあさがすみ,COSOCO COSOCO COSOCO,siː-əʊ-ɛs-əʊ-siː-əʊ siː-əʊ-ɛs-əʊ-siː-əʊ siː-əʊ-ɛs-əʊ-siː-əʊ
946,946,973,めだたないどあ,MAN I THOUGHT I'D SEEN IT ALL,mæn aɪ θɔːt aɪd siːn ɪt ɔːl
947,947,974,あゆもってすんまへんさんまもってすんまへん,I HEAR VOICES IN MY HEAD SOMEONE'S VOICE IS IN MY HEAD,aɪ hɪə vɔɪsɪz ɪn maɪ hɛd sʌmwʌnz vɔɪs ɪz ɪn maɪ hɛd
948,948,975,あぁいいよそういやーんいやーんいやーんいやーんいやーんいやーんいやーんいやーんちくび,I FEEL SO INAR- INAR- INAR- INAR- INAR- INAR- INAR- INARTICULATE,aɪ fiːl səʊ aɪ-ɛn-eɪ-ɑː- aɪ-ɛn-eɪ-ɑː- aɪ-ɛn-eɪ-ɑː- aɪ-ɛn-eɪ-ɑː- aɪ-ɛn-eɪ-ɑː- aɪ-ɛn-eɪ-ɑː- aɪ-ɛn-eɪ-ɑː- ˌɪnɑːtɪkjʊlɪt
949,949,976,よくあるといえばよくある,YOU GOT IT BABE YOU GOT IT,juː gɒt ɪt beɪb juː gɒt ɪt
950,950,977,あくれくれいいぜくれいいぜべいびーあくれくれいいぜ, I GO CRAZY CRAZY BABY I GO CRAZY,aɪ gəʊ kreɪzi kreɪzi beɪbi aɪ gəʊ kreɪzi
951,951,978,あまいるよあまりんごあるよ,I'M AN ALIEN I'M A LEGAL ALIEN,aɪm ən eɪliən aɪm ə liːgəl eɪliən
952,952,979,ひざのわるいやつ,SHE'S OUT IN THE AUDIENCE,ʃiːz aʊt ɪn ði ɔːdiəns
953,953,980,のーぎゃらろうば,NO GETTING OVER,nəʊ gɛtɪŋ əʊvə
954,954,981,うぃんなーほうけい,WIND AND HURRICANE,wɪnd ænd hʌrɪkən
955,955,982,ちちちちちちをゆらしてちちちちちちをゆらしてちちちちちちをゆらしてをゆらして,MISS JACKSON ARE YOU NASTY,mɪs ʤæksən ɑː juː nɑːsti
956,956,983,けんにょうけんにょうけんにょうけんにょうしっぱいした,DEAD GIRL DEAD GIRL SUPERSTAR,dɛd gɜːl dɛd gɜːl suːpəˌstɑː
957,957,984,ばれーぶにおこられた,BY LEAVING ME A CARD OR A LETTER,baɪ liːvɪŋ miː ə kɑːd ɔːr ə lɛtə
958,958,985,うたのとちゅうにーすまん,GET DOWN WITH THE GENIE SHAZAM,gɛt daʊn wɪð ðə ʤiːni ɛs-eɪʧ-eɪ-zɛd-eɪ-ɛm
959,959,986,のぼれのぼれのぼらへん,OVER AND OVER AND OVER AGAIN,əʊvər ænd əʊvər ænd əʊvər əgɛn
960,960,987,ついちゃってるし,TEARDROP TO THE SEA,tɪədrɒp tuː ðə siː
961,961,988,みちにのうふうふ,BETCHA DIDN'T KNOW WOO HOO,bɛʧə dɪdnt nəʊ wuː huː
962,962,989,ひろしのうえにふいにのれ,KEEP YOUR CHIN UP WHEN YOU'RE FEELING LONELY,kiːp jɔː ʧɪn ʌp wɛn jʊə fiːlɪŋ ləʊnli
963,963,990,どうていさんびょうあー,DARK DEPTHS OF YOUR MIND,dɑːk dɛpθs ɒv jɔː maɪnd
964,964,991,うずらなんだってぜんぶ,WAS A LONG AND DARK DECEMBER,wɒz ə lɒŋ ænd dɑːk dɪsɛmbə
965,965,992,おなじみせ,I WANT YOU TO SAY,aɪ wɒnt juː tuː seɪ
966,966,993,ぱんちするふり,PINE TREES REAL PRETTY,paɪn triːz rɪəl prɪti
967,967,994,ひらかん,AT CLUB,æt klʌb
968,968,995,いつだってびわこ,IT'S GOT TO BE HARD CORE,ɪts gɒt tuː biː hɑːd kɔː
969,969,997,ゆかぼんどだべんちはろーしょん,YOU CAN PAWN TO PERPETUAL MOTION,juː kæn pɔːn tuː pəpɛʧʊəl məʊʃən
970,970,998,さわっちゃうぶちょうはじる,SO I TRY PUT YOUR HANDS IN THE,səʊ aɪ traɪ pʊt jɔː hændz ɪn ðiː
971,971,999,つるしつるしつるすこ,TO THE SEA TO THE SEA TILL IT'S GONE,tuː ðə siː tuː ðə siː tɪl ɪts gɒn
972,972,1000,あもっとぼーなすない, I WENT TO WAR LAST NIGHT,aɪ wɛnt tuː wɔː lɑːst naɪt
973,973,1002,ぶってぶってけってからぶって,WHOOP-TAY-WHOOP-TAY-GIT-TA-GALA-GOOP-TA,huːp-teɪ-huːp-teɪ-gɪt-tɑː-gɑːlə-ʤiː-əʊ-əʊ-piː-tɑː
974,974,1003,あんかれーまめばばあ, I CAN'T EVEN BE BOTHERED,aɪ kɑːnt iːvən biː bɒðəd
975,975,1005,ぼうけんちゅうし,BROKEN TUESDAY,brəʊkən tjuːzdeɪ
976,976,1006,あたいはいわなのっ, I'LL TELL YOU WHAT YOU WANT TO KNOW,aɪl tɛl juː wɒt juː wɒnt tuː nəʊ
977,977,1007,おなじですねおなじざっしおなじじょうほう,RELIGION IS RAPE RELIGION'S OBSCENE RELIGION'S A WHORE,rɪlɪʤən ɪz reɪp rɪlɪʤənz ɒbsiːn rɪlɪʤənz ə hɔː
978,978,1009,ゆびいっぽんふんだ,IF HE PUT HER DOWN,ɪf hiː pʊt hɜː daʊn
979,979,1011,ぼくだけそん,POLKA-DOT DRESS ON,pɒlkədɒt drɛs ɒn
980,980,1012,ゆうぐれのまちあんなによったんよあー,YOU PUT A HAND ON MY CHEEK AND THEN YOU TURNED YOUR EYES,juː pʊt ə hænd ɒn maɪ ʧiːk ænd ðɛn juː tɜːnd jɔːr aɪz
981,981,1013,おやつにこれたべてぇ,I HAVE ANY YOU GOT TO COVER THAT,aɪ hæv ɛni juː gɒt tuː kʌvə ðæt
982,982,1015,あまぁちんこはでかそう,HAVE A DRINK GO ON TAKE A SUP,hæv ə drɪŋk gəʊ ɒn teɪk ə sʌp
983,983,1016,えなめるおすまま,AND I NEARLY LOST MY MIND,ænd aɪ nɪəli lɒst maɪ maɪnd
984,984,1017,むすこのがっこうにあわてたかあちゃんだ,THIS IS WHAT IT'S LIKE WHEN IT HAPPENS EVERY GODDAMN DAY,ðɪs ɪz wɒt ɪts laɪk wɛn ɪt hæpənz ɛvri gɒddæm deɪ
985,985,1018,すぐにはとぶな,SOUVENIRS DE BOWHEUR,suːvənɪəz diː biː-əʊ-dʌblju(ː)-eɪʧ-iː-juː-ɑː
986,986,1019,きなこなめる,CARE NOT FOR THE MEN WHO,keə nɒt fɔː ðə mɛn huː
987,987,1020,らいすにのってるちゃんじゃとらーど,RISING UP TO THE CHALLENGE OF OUR RIVAL,raɪzɪŋ ʌp tuː ðə ʧælɪnʤ ɒv aʊə raɪvəl
988,988,1021,てあしはちほんなの,DEAD I'VE SEEN IT HAPPEN I KNOW,dɛd aɪv siːn ɪt hæpən aɪ nəʊ
989,989,1022,ぼくにぼくにぼくにしおを,BOOGITY BOOGITY BOOGITY SHOO,biː-əʊ-əʊ-ʤiː-aɪ-tiː-waɪ biː-əʊ-əʊ-ʤiː-aɪ-tiː-waɪ biː-əʊ-əʊ-ʤiː-aɪ-tiː-waɪ ʃuː
990,990,1023,ひらがなひろし,SHIT I GOTTA HEAD RUSH,ʃɪt aɪ gɒtə hɛd rʌʃ
991,991,1024,ぶらりやってきてげっしゅう3まんえん,THE BLOOD OF VICTIMS GUSHES ON MY HANDS,ðə blʌd ɒv vɪktɪmz gʌʃɪz ɒn maɪ hændz
992,992,1025,めしがめしがめしがにげる,BUT SHE GOT ME SHE GOT ME SHE GOT ME YEAH,bʌt ʃiː gɒt miː ʃiː gɒt miː ʃiː gɒt miː jeə
993,993,1026,なつこむらでねぇのか,LET'S CALL IT A DAY LITTLE GIRL,lɛts kɔːl ɪt ə deɪ lɪtl gɜːl
994,994,1027,わっちゃったごういんに,WATCH OUT NOW I'M GOING IN,wɒʧ aʊt naʊ aɪm gəʊɪŋ ɪn
995,995,1028,まだうーまだあせまだうーまだあせまだ,MURDER OHH MURDER I SAY MURDER OOH MURDER I SAY MURDER,mɜːdər əʊ-eɪʧ-eɪʧ mɜːdər aɪ seɪ mɜːdər uː mɜːdər aɪ seɪ mɜːdə
996,996,1029,しょうぎみてほがない,STALKING VICTIMS THROUGH THE NIGHT,stɔːkɪŋ vɪktɪmz θruː ðə naɪt
997,997,1030,なぜならさん,NOW THERE'S NOT A SOUND,naʊ ðeəz nɒt ə saʊnd
998,998,1031,のりさいこーねのりさいこーねのりさいこーのりさいこーのりさいこーねうめぇうめぇいえー,MOTERCYCLE MAN MOTERCYCLE MAN MOTERCYCLE MOTERCYCLE MOTERCYCLE MAN MAN MAN,ɛm-əʊ-tiː-iː-ɑː-siː-waɪ-siː-ɛl-iː mæn ɛm-əʊ-tiː-iː-ɑː-siː-waɪ-siː-ɛl-iː mæn ɛm-əʊ-tiː-iː-ɑː-siː-waɪ-siː-ɛl-iː ɛm-əʊ-tiː-iː-ɑː-siː-waɪ-siː-ɛl-iː ɛm-əʊ-tiː-iː-ɑː-siː-waɪ-siː-ɛl-iː mæn mæn mæn
999,999,1032,えっおいらのがらすわったろ,OYE DESCARADO iSUELTALA,əʊ-waɪ-iː diː-iː-ɛs-siː-eɪ-ɑːr-eɪ-diː-əʊ iSUELTALA
1000,1000,1034,でぶにえんじょすてーきにめろんだれわすれたくいたいあっうわー,THE EXTERMINATING ANGELS HERE THERE'S TO BE EMPEROR TO COMMAND NOSPHERATUS CREATURE OF CRYPTS,ði ɪkstɜːmɪneɪtɪŋ eɪnʤəlz hɪə ðeəz tuː biː ɛmpərə tuː kəmɑːnd ɛn-əʊ-ɛs-piː-eɪʧ-iː-ɑːr-eɪ-tiː-juː-ɛs kriːʧər ɒv krɪpts
